,gene_id,organism,plate_location,address,target,target_plate
0,BBF10K_000097,Mycoplasma_syn3,glycerol-plate_1,G6,0.0,Mycoplasma_syn3_0
1,BBF10K_000258,Mycoplasma_syn3,glycerol-plate_1,A10,1.0,Mycoplasma_syn3_0
2,BBF10K_000272,Mycoplasma_syn3,glycerol-plate_1,A4,2.0,Mycoplasma_syn3_0
3,BBF10K_000351,Mycoplasma_syn3,glycerol-plate_1,F12,3.0,Mycoplasma_syn3_0
4,BBF10K_000160,Mycoplasma_syn3,glycerol-plate_1,G3,4.0,Mycoplasma_syn3_0
5,BBF10K_000156,Mycoplasma_syn3,glycerol-plate_1,F11,5.0,Mycoplasma_syn3_0
6,BBF10K_000125,Mycoplasma_syn3,glycerol-plate_1,G12,6.0,Mycoplasma_syn3_0
7,BBF10K_000263,Mycoplasma_syn3,glycerol-plate_1,E2,7.0,Mycoplasma_syn3_0
8,BBF10K_000275,Mycoplasma_syn3,glycerol-plate_1,B3,8.0,Mycoplasma_syn3_0
9,BBF10K_000362,Mycoplasma_syn3,glycerol-plate_1,B12,9.0,Mycoplasma_syn3_0
10,BBF10K_000144,Mycoplasma_syn3,glycerol-plate_1,C1,10.0,Mycoplasma_syn3_0
11,BBF10K_000143,Mycoplasma_syn3,glycerol-plate_1,C2,11.0,Mycoplasma_syn3_0
12,BBF10K_000169,Mycoplasma_syn3,glycerol-plate_1,H1,12.0,Mycoplasma_syn3_0
13,BBF10K_000306,Mycoplasma_syn3,glycerol-plate_1,B4,13.0,Mycoplasma_syn3_0
14,BBF10K_000152,Mycoplasma_syn3,glycerol-plate_1,C3,14.0,Mycoplasma_syn3_0
15,BBF10K_000267,Mycoplasma_syn3,glycerol-plate_1,H7,15.0,Mycoplasma_syn3_0
16,BBF10K_000159,Mycoplasma_syn3,glycerol-plate_1,A11,16.0,Mycoplasma_syn3_0
17,BBF10K_000324,Mycoplasma_syn3,glycerol-plate_1,E12,17.0,Mycoplasma_syn3_0
18,BBF10K_000281,Mycoplasma_syn3,glycerol-plate_1,A6,18.0,Mycoplasma_syn3_0
19,BBF10K_000332,Mycoplasma_syn3,glycerol-plate_1,D10,19.0,Mycoplasma_syn3_0
20,BBF10K_000145,Mycoplasma_syn3,glycerol-plate_1,H11,20.0,Mycoplasma_syn3_0
21,BBF10K_000297,Mycoplasma_syn3,glycerol-plate_1,B7,21.0,Mycoplasma_syn3_0
22,BBF10K_000257,Mycoplasma_syn3,glycerol-plate_1,G11,22.0,Mycoplasma_syn3_0
23,BBF10K_000327,Mycoplasma_syn3,glycerol-plate_1,H12,23.0,Mycoplasma_syn3_0
24,BBF10K_000194,Mycoplasma_syn3,glycerol-plate_1,C8,24.0,Mycoplasma_syn3_0
25,BBF10K_000361,Mycoplasma_syn3,glycerol-plate_1,G4,25.0,Mycoplasma_syn3_0
26,BBF10K_000328,Mycoplasma_syn3,glycerol-plate_1,G7,26.0,Mycoplasma_syn3_0
27,BBF10K_000049,Mycoplasma_syn3,glycerol-plate_1,H3,27.0,Mycoplasma_syn3_0
28,BBF10K_000301,Mycoplasma_syn3,glycerol-plate_1,F3,28.0,Mycoplasma_syn3_0
29,BBF10K_000061,Mycoplasma_syn3,glycerol-plate_1,G9,29.0,Mycoplasma_syn3_0
30,BBF10K_000305,Mycoplasma_syn3,glycerol-plate_1,C6,30.0,Mycoplasma_syn3_0
31,BBF10K_000383,Mycoplasma_syn3,glycerol-plate_1,H4,31.0,Mycoplasma_syn3_0
32,BBF10K_000307,Mycoplasma_syn3,glycerol-plate_1,D11,32.0,Mycoplasma_syn3_0
33,BBF10K_000170,Mycoplasma_syn3,glycerol-plate_1,C5,33.0,Mycoplasma_syn3_0
34,BBF10K_000255,Mycoplasma_syn3,glycerol-plate_1,D9,34.0,Mycoplasma_syn3_0
35,BBF10K_000345,Mycoplasma_syn3,glycerol-plate_1,C10,35.0,Mycoplasma_syn3_0
36,BBF10K_000240,Mycoplasma_syn3,glycerol-plate_1,H2,36.0,Mycoplasma_syn3_0
37,BBF10K_000276,Mycoplasma_syn3,glycerol-plate_1,H6,37.0,Mycoplasma_syn3_0
38,BBF10K_000371,Mycoplasma_syn3,glycerol-plate_1,A8,38.0,Mycoplasma_syn3_0
39,BBF10K_000082,Mycoplasma_syn3,glycerol-plate_1,D4,39.0,Mycoplasma_syn3_0
40,BBF10K_000168,Mycoplasma_syn3,glycerol-plate_1,E1,40.0,Mycoplasma_syn3_0
41,BBF10K_000347,Mycoplasma_syn3,glycerol-plate_1,C9,41.0,Mycoplasma_syn3_0
42,BBF10K_000389,Mycoplasma_syn3,glycerol-plate_1,D8,42.0,Mycoplasma_syn3_0
43,BBF10K_000129,Mycoplasma_syn3,glycerol-plate_1,C7,43.0,Mycoplasma_syn3_0
44,BBF10K_000095,Mycoplasma_syn3,glycerol-plate_1,D2,44.0,Mycoplasma_syn3_0
45,BBF10K_000308,Mycoplasma_syn3,glycerol-plate_1,B6,45.0,Mycoplasma_syn3_0
46,BBF10K_000184,Mycoplasma_syn3,glycerol-plate_1,G2,46.0,Mycoplasma_syn3_0
47,BBF10K_000023,Mycoplasma_syn3,glycerol-plate_1,H8,47.0,Mycoplasma_syn3_0
48,BBF10K_000007,Mycoplasma_syn3,glycerol-plate_1,E6,48.0,Mycoplasma_syn3_0
49,BBF10K_000349,Mycoplasma_syn3,glycerol-plate_1,C4,49.0,Mycoplasma_syn3_0
50,BBF10K_000185,Mycoplasma_syn3,glycerol-plate_1,E11,50.0,Mycoplasma_syn3_0
51,BBF10K_000337,Mycoplasma_syn3,glycerol-plate_1,B10,51.0,Mycoplasma_syn3_0
52,BBF10K_000365,Mycoplasma_syn3,glycerol-plate_1,E9,52.0,Mycoplasma_syn3_0
53,BBF10K_000205,Mycoplasma_syn3,glycerol-plate_1,B9,53.0,Mycoplasma_syn3_0
54,BBF10K_000004,Mycoplasma_syn3,glycerol-plate_1,A3,54.0,Mycoplasma_syn3_0
55,BBF10K_000400,Mycoplasma_syn3,glycerol-plate_1,B2,55.0,Mycoplasma_syn3_0
56,BBF10K_000431,Mycoplasma_syn3,glycerol-plate_10,B2,56.0,Mycoplasma_syn3_0
57,BBF10K_000182,Mycoplasma_syn3,glycerol-plate_10,D7,57.0,Mycoplasma_syn3_0
58,BBF10K_002220,Mycoplasma_genitalium,glycerol-plate_11,E1,0.0,Mycoplasma_genitalium_0
59,BBF10K_001249,Mesoplasma_florum,glycerol-plate_11,G1,0.0,Mesoplasma_florum_0
60,BBF10K_002476,Mycoplasma_pneumonia,glycerol-plate_11,H3,0.0,Mycoplasma_pneumonia_0
61,BBF10K_002186,Mycoplasma_genitalium,glycerol-plate_11,A1,1.0,Mycoplasma_genitalium_0
62,BBF10K_001416,Mesoplasma_florum,glycerol-plate_12,F2,1.0,Mesoplasma_florum_0
63,BBF10K_003028,Mycoplasma_pneumonia,glycerol-plate_12,F12,1.0,Mycoplasma_pneumonia_0
64,BBF10K_002937,Mycoplasma_pneumonia,glycerol-plate_12,B12,2.0,Mycoplasma_pneumonia_0
65,BBF10K_001872,Mesoplasma_florum,glycerol-plate_12,A5,2.0,Mesoplasma_florum_0
66,BBF10K_002582,Mycoplasma_pneumonia,glycerol-plate_12,C10,3.0,Mycoplasma_pneumonia_0
67,BBF10K_002499,Mycoplasma_pneumonia,glycerol-plate_12,F9,4.0,Mycoplasma_pneumonia_0
68,BBF10K_001627,Mesoplasma_florum,glycerol-plate_12,C4,3.0,Mesoplasma_florum_0
69,BBF10K_002605,Mycoplasma_pneumonia,glycerol-plate_12,E10,5.0,Mycoplasma_pneumonia_0
70,BBF10K_003009,Mycoplasma_pneumonia,glycerol-plate_12,D12,6.0,Mycoplasma_pneumonia_0
71,BBF10K_002557,Mycoplasma_pneumonia,glycerol-plate_12,B10,7.0,Mycoplasma_pneumonia_0
72,BBF10K_002290,Mycoplasma_genitalium,glycerol-plate_12,H7,2.0,Mycoplasma_genitalium_0
73,BBF10K_001922,Mycoplasma_genitalium,glycerol-plate_12,F1,3.0,Mycoplasma_genitalium_0
74,BBF10K_002305,Mycoplasma_genitalium,glycerol-plate_12,B8,4.0,Mycoplasma_genitalium_0
75,BBF10K_001616,Mesoplasma_florum,glycerol-plate_12,A4,4.0,Mesoplasma_florum_0
76,BBF10K_002080,Mycoplasma_genitalium,glycerol-plate_12,F6,5.0,Mycoplasma_genitalium_0
77,BBF10K_002038,Mycoplasma_genitalium,glycerol-plate_12,D6,6.0,Mycoplasma_genitalium_0
78,BBF10K_003070,Mycoplasma_pneumonia,glycerol-plate_12,A1,8.0,Mycoplasma_pneumonia_0
79,BBF10K_001757,Mesoplasma_florum,glycerol-plate_12,F4,5.0,Mesoplasma_florum_0
80,BBF10K_001742,Mesoplasma_florum,glycerol-plate_12,C1,6.0,Mesoplasma_florum_0
81,BBF10K_001889,Mesoplasma_florum,glycerol-plate_12,B5,7.0,Mesoplasma_florum_0
82,BBF10K_002754,Mycoplasma_pneumonia,glycerol-plate_12,C11,9.0,Mycoplasma_pneumonia_0
83,BBF10K_002786,Mycoplasma_pneumonia,glycerol-plate_12,E11,10.0,Mycoplasma_pneumonia_0
84,BBF10K_003093,Mycoplasma_pneumonia,glycerol-plate_12,H12,11.0,Mycoplasma_pneumonia_0
85,BBF10K_001864,Mesoplasma_florum,glycerol-plate_12,H4,8.0,Mesoplasma_florum_0
86,BBF10K_001297,Mesoplasma_florum,glycerol-plate_12,A2,9.0,Mesoplasma_florum_0
87,BBF10K_001516,Mesoplasma_florum,glycerol-plate_12,C3,10.0,Mesoplasma_florum_0
88,BBF10K_001626,Mesoplasma_florum,glycerol-plate_12,B4,11.0,Mesoplasma_florum_0
89,BBF10K_001608,Mesoplasma_florum,glycerol-plate_12,G3,12.0,Mesoplasma_florum_0
90,BBF10K_003015,Mycoplasma_pneumonia,glycerol-plate_12,E12,12.0,Mycoplasma_pneumonia_0
91,BBF10K_002548,Mycoplasma_pneumonia,glycerol-plate_12,A10,13.0,Mycoplasma_pneumonia_0
92,BBF10K_001572,Mesoplasma_florum,glycerol-plate_12,E3,13.0,Mesoplasma_florum_0
93,BBF10K_001299,Mesoplasma_florum,glycerol-plate_12,B1,14.0,Mesoplasma_florum_0
94,BBF10K_002993,Mycoplasma_pneumonia,glycerol-plate_12,E4,14.0,Mycoplasma_pneumonia_0
95,BBF10K_001818,Mesoplasma_florum,glycerol-plate_12,E1,15.0,Mesoplasma_florum_0
96,BBF10K_002653,Mycoplasma_pneumonia,glycerol-plate_12,F10,15.0,Mycoplasma_pneumonia_0
97,BBF10K_002827,Mycoplasma_pneumonia,glycerol-plate_12,H9,16.0,Mycoplasma_pneumonia_0
98,BBF10K_003086,Mycoplasma_pneumonia,glycerol-plate_12,G12,17.0,Mycoplasma_pneumonia_0
99,BBF10K_001386,Mesoplasma_florum,glycerol-plate_12,D2,16.0,Mesoplasma_florum_0
100,BBF10K_002906,Mycoplasma_pneumonia,glycerol-plate_12,A12,18.0,Mycoplasma_pneumonia_0
101,BBF10K_002526,Mycoplasma_pneumonia,glycerol-plate_12,G9,19.0,Mycoplasma_pneumonia_0
102,BBF10K_001983,Mycoplasma_genitalium,glycerol-plate_12,G5,7.0,Mycoplasma_genitalium_0
103,BBF10K_002347,Mycoplasma_genitalium,glycerol-plate_12,E8,8.0,Mycoplasma_genitalium_0
104,BBF10K_002491,Mycoplasma_pneumonia,glycerol-plate_12,E9,20.0,Mycoplasma_pneumonia_0
105,BBF10K_001962,Mycoplasma_genitalium,glycerol-plate_12,F5,9.0,Mycoplasma_genitalium_0
106,BBF10K_002426,Mycoplasma_genitalium,glycerol-plate_12,A9,10.0,Mycoplasma_genitalium_0
107,BBF10K_002105,Mycoplasma_genitalium,glycerol-plate_12,H6,11.0,Mycoplasma_genitalium_0
108,BBF10K_002029,Mycoplasma_genitalium,glycerol-plate_12,C6,12.0,Mycoplasma_genitalium_0
109,BBF10K_002362,Mycoplasma_genitalium,glycerol-plate_12,F8,13.0,Mycoplasma_genitalium_0
110,BBF10K_002752,Mycoplasma_pneumonia,glycerol-plate_12,B11,21.0,Mycoplasma_pneumonia_0
111,BBF10K_002338,Mycoplasma_genitalium,glycerol-plate_12,C8,14.0,Mycoplasma_genitalium_0
112,BBF10K_002148,Mycoplasma_genitalium,glycerol-plate_12,D7,15.0,Mycoplasma_genitalium_0
113,BBF10K_002156,Mycoplasma_genitalium,glycerol-plate_12,E7,16.0,Mycoplasma_genitalium_0
114,BBF10K_002990,Mycoplasma_pneumonia,glycerol-plate_12,D4,22.0,Mycoplasma_pneumonia_0
115,BBF10K_002847,Mycoplasma_pneumonia,glycerol-plate_12,F11,23.0,Mycoplasma_pneumonia_0
116,BBF10K_001923,Mycoplasma_genitalium,glycerol-plate_12,D5,17.0,Mycoplasma_genitalium_0
117,BBF10K_001921,Mycoplasma_genitalium,glycerol-plate_12,C5,18.0,Mycoplasma_genitalium_0
118,BBF10K_002270,Mycoplasma_genitalium,glycerol-plate_12,G7,19.0,Mycoplasma_genitalium_0
119,BBF10K_002939,Mycoplasma_pneumonia,glycerol-plate_12,C12,24.0,Mycoplasma_pneumonia_0
120,BBF10K_002603,Mycoplasma_pneumonia,glycerol-plate_12,H1,25.0,Mycoplasma_pneumonia_0
121,BBF10K_001939,Mycoplasma_genitalium,glycerol-plate_12,E5,20.0,Mycoplasma_genitalium_0
122,BBF10K_001789,Mesoplasma_florum,glycerol-plate_12,D1,17.0,Mesoplasma_florum_0
123,BBF10K_002097,Mycoplasma_genitalium,glycerol-plate_12,G6,21.0,Mycoplasma_genitalium_0
124,BBF10K_003039,Mycoplasma_pneumonia,glycerol-plate_13,E6,26.0,Mycoplasma_pneumonia_0
125,BBF10K_002143,Mycoplasma_genitalium,glycerol-plate_13,E9,22.0,Mycoplasma_genitalium_0
126,BBF10K_002466,Mycoplasma_pneumonia,glycerol-plate_13,G10,27.0,Mycoplasma_pneumonia_0
127,BBF10K_001966,Mycoplasma_genitalium,glycerol-plate_13,H1,23.0,Mycoplasma_genitalium_0
128,BBF10K_002733,Mycoplasma_pneumonia,glycerol-plate_13,G11,28.0,Mycoplasma_pneumonia_0
129,BBF10K_001047,Escherichia_coli,glycerol-plate_13,D3,0.0,Escherichia_coli_0
130,BBF10K_001676,Mesoplasma_florum,glycerol-plate_13,F7,18.0,Mesoplasma_florum_0
131,BBF10K_002458,Mycoplasma_pneumonia,glycerol-plate_13,E10,29.0,Mycoplasma_pneumonia_0
132,BBF10K_002926,Mycoplasma_pneumonia,glycerol-plate_13,F12,30.0,Mycoplasma_pneumonia_0
133,BBF10K_001171,Escherichia_coli,glycerol-plate_13,F4,1.0,Escherichia_coli_0
134,BBF10K_002845,Mycoplasma_pneumonia,glycerol-plate_13,B12,31.0,Mycoplasma_pneumonia_0
135,BBF10K_001634,Mesoplasma_florum,glycerol-plate_13,D7,19.0,Mesoplasma_florum_0
136,BBF10K_001600,Mesoplasma_florum,glycerol-plate_13,C7,20.0,Mesoplasma_florum_0
137,BBF10K_001368,Mesoplasma_florum,glycerol-plate_13,D5,21.0,Mesoplasma_florum_0
138,BBF10K_002611,Mycoplasma_pneumonia,glycerol-plate_13,B11,32.0,Mycoplasma_pneumonia_0
139,BBF10K_002986,Mycoplasma_pneumonia,glycerol-plate_13,G12,33.0,Mycoplasma_pneumonia_0
140,BBF10K_002081,Mycoplasma_genitalium,glycerol-plate_13,C9,24.0,Mycoplasma_genitalium_0
141,BBF10K_002670,Mycoplasma_pneumonia,glycerol-plate_13,D11,34.0,Mycoplasma_pneumonia_0
142,BBF10K_000976,Bacillus_subtilis,glycerol-plate_13,H2,0.0,Bacillus_subtilis_0
143,BBF10K_002115,Mycoplasma_genitalium,glycerol-plate_13,D9,25.0,Mycoplasma_genitalium_0
144,BBF10K_002169,Mycoplasma_genitalium,glycerol-plate_13,F9,26.0,Mycoplasma_genitalium_0
145,BBF10K_000782,Bacillus_subtilis,glycerol-plate_13,A1,1.0,Bacillus_subtilis_0
146,BBF10K_002428,Mycoplasma_pneumonia,glycerol-plate_13,D10,35.0,Mycoplasma_pneumonia_0
147,BBF10K_002720,Mycoplasma_pneumonia,glycerol-plate_13,F11,36.0,Mycoplasma_pneumonia_0
148,BBF10K_001345,Mesoplasma_florum,glycerol-plate_13,C5,22.0,Mesoplasma_florum_0
149,BBF10K_001411,Mesoplasma_florum,glycerol-plate_13,E5,23.0,Mesoplasma_florum_0
150,BBF10K_001432,Mesoplasma_florum,glycerol-plate_13,H5,24.0,Mesoplasma_florum_0
151,BBF10K_002953,Mycoplasma_pneumonia,glycerol-plate_13,C2,37.0,Mycoplasma_pneumonia_0
152,BBF10K_001182,Escherichia_coli,glycerol-plate_13,F1,2.0,Escherichia_coli_0
153,BBF10K_002712,Mycoplasma_pneumonia,glycerol-plate_13,E11,38.0,Mycoplasma_pneumonia_0
154,BBF10K_001149,Escherichia_coli,glycerol-plate_13,D4,3.0,Escherichia_coli_0
155,BBF10K_001284,Mesoplasma_florum,glycerol-plate_13,A5,25.0,Mesoplasma_florum_0
156,BBF10K_000911,Bacillus_subtilis,glycerol-plate_13,F2,2.0,Bacillus_subtilis_0
157,BBF10K_001592,Mesoplasma_florum,glycerol-plate_13,B7,26.0,Mesoplasma_florum_0
158,BBF10K_001008,Bacillus_subtilis,glycerol-plate_13,B3,3.0,Bacillus_subtilis_0
159,BBF10K_001503,Mesoplasma_florum,glycerol-plate_13,F6,27.0,Mesoplasma_florum_0
160,BBF10K_002390,Mycoplasma_genitalium,glycerol-plate_13,C10,27.0,Mycoplasma_genitalium_0
161,BBF10K_002459,Mycoplasma_pneumonia,glycerol-plate_13,F10,39.0,Mycoplasma_pneumonia_0
162,BBF10K_001783,Mesoplasma_florum,glycerol-plate_13,C8,28.0,Mesoplasma_florum_0
163,BBF10K_001084,Escherichia_coli,glycerol-plate_13,H3,4.0,Escherichia_coli_0
164,BBF10K_002285,Mycoplasma_genitalium,glycerol-plate_13,A10,28.0,Mycoplasma_genitalium_0
165,BBF10K_001466,Mesoplasma_florum,glycerol-plate_13,D6,29.0,Mesoplasma_florum_0
166,BBF10K_001875,Mesoplasma_florum,glycerol-plate_13,F8,30.0,Mesoplasma_florum_0
167,BBF10K_001110,Escherichia_coli,glycerol-plate_13,E1,5.0,Escherichia_coli_0
168,BBF10K_000981,Bacillus_subtilis,glycerol-plate_13,A3,4.0,Bacillus_subtilis_0
169,BBF10K_002327,Mycoplasma_genitalium,glycerol-plate_13,B10,29.0,Mycoplasma_genitalium_0
170,BBF10K_001782,Mesoplasma_florum,glycerol-plate_13,B8,31.0,Mesoplasma_florum_0
171,BBF10K_001911,Mesoplasma_florum,glycerol-plate_13,H8,32.0,Mesoplasma_florum_0
172,BBF10K_001437,Mesoplasma_florum,glycerol-plate_13,A6,33.0,Mesoplasma_florum_0
173,BBF10K_001079,Escherichia_coli,glycerol-plate_13,G3,6.0,Escherichia_coli_0
174,BBF10K_002900,Mycoplasma_pneumonia,glycerol-plate_13,D12,40.0,Mycoplasma_pneumonia_0
175,BBF10K_001413,Mesoplasma_florum,glycerol-plate_13,F5,34.0,Mesoplasma_florum_0
176,BBF10K_001189,Escherichia_coli,glycerol-plate_13,G4,7.0,Escherichia_coli_0
177,BBF10K_001827,Mesoplasma_florum,glycerol-plate_13,E8,35.0,Mesoplasma_florum_0
178,BBF10K_001641,Mesoplasma_florum,glycerol-plate_13,G5,36.0,Mesoplasma_florum_0
179,BBF10K_002914,Mycoplasma_pneumonia,glycerol-plate_13,E12,41.0,Mycoplasma_pneumonia_0
180,BBF10K_002813,Mycoplasma_pneumonia,glycerol-plate_13,A12,42.0,Mycoplasma_pneumonia_0
181,BBF10K_002639,Mycoplasma_pneumonia,glycerol-plate_13,C11,43.0,Mycoplasma_pneumonia_0
182,BBF10K_001522,Mesoplasma_florum,glycerol-plate_13,H6,37.0,Mesoplasma_florum_0
183,BBF10K_000966,Bacillus_subtilis,glycerol-plate_13,G2,5.0,Bacillus_subtilis_0
184,BBF10K_003020,Mycoplasma_pneumonia,glycerol-plate_13,D2,44.0,Mycoplasma_pneumonia_0
185,BBF10K_002246,Mycoplasma_genitalium,glycerol-plate_13,A2,30.0,Mycoplasma_genitalium_0
186,BBF10K_002777,Mycoplasma_pneumonia,glycerol-plate_14,E12,45.0,Mycoplasma_pneumonia_0
187,BBF10K_001800,Mesoplasma_florum,glycerol-plate_14,H10,38.0,Mesoplasma_florum_0
188,BBF10K_001282,Mesoplasma_florum,glycerol-plate_14,A10,39.0,Mesoplasma_florum_0
189,BBF10K_002046,Mycoplasma_genitalium,glycerol-plate_14,B11,31.0,Mycoplasma_genitalium_0
190,BBF10K_002189,Mycoplasma_genitalium,glycerol-plate_14,D11,32.0,Mycoplasma_genitalium_0
191,BBF10K_001778,Mesoplasma_florum,glycerol-plate_14,G10,40.0,Mesoplasma_florum_0
192,BBF10K_002522,Mycoplasma_pneumonia,glycerol-plate_14,A12,46.0,Mycoplasma_pneumonia_0
193,BBF10K_002555,Mycoplasma_pneumonia,glycerol-plate_14,B12,47.0,Mycoplasma_pneumonia_0
194,BBF10K_003069,Mycoplasma_pneumonia,glycerol-plate_14,G12,48.0,Mycoplasma_pneumonia_0
195,BBF10K_001651,Mesoplasma_florum,glycerol-plate_14,C10,41.0,Mesoplasma_florum_0
196,BBF10K_001755,Mesoplasma_florum,glycerol-plate_14,E10,42.0,Mesoplasma_florum_0
197,BBF10K_000968,Bacillus_subtilis,glycerol-plate_14,B5,6.0,Bacillus_subtilis_0
198,BBF10K_001148,Escherichia_coli,glycerol-plate_14,H7,8.0,Escherichia_coli_0
199,BBF10K_000889,Bacillus_subtilis,glycerol-plate_14,A3,7.0,Bacillus_subtilis_0
200,BBF10K_001082,Escherichia_coli,glycerol-plate_14,C7,9.0,Escherichia_coli_0
201,BBF10K_001175,Escherichia_coli,glycerol-plate_14,D8,10.0,Escherichia_coli_0
202,BBF10K_000795,Bacillus_subtilis,glycerol-plate_14,B2,8.0,Bacillus_subtilis_0
203,BBF10K_000915,Bacillus_subtilis,glycerol-plate_14,D3,9.0,Bacillus_subtilis_0
204,BBF10K_001264,Mesoplasma_florum,glycerol-plate_14,H9,43.0,Mesoplasma_florum_0
205,BBF10K_000770,Bacillus_subtilis,glycerol-plate_14,H1,10.0,Bacillus_subtilis_0
206,BBF10K_000840,Bacillus_subtilis,glycerol-plate_14,E2,11.0,Bacillus_subtilis_0
207,BBF10K_000964,Bacillus_subtilis,glycerol-plate_14,A5,12.0,Bacillus_subtilis_0
208,BBF10K_000936,Bacillus_subtilis,glycerol-plate_14,B4,13.0,Bacillus_subtilis_0
209,BBF10K_001222,Escherichia_coli,glycerol-plate_14,C9,11.0,Escherichia_coli_0
210,BBF10K_000927,Bacillus_subtilis,glycerol-plate_14,H3,14.0,Bacillus_subtilis_0
211,BBF10K_001150,Escherichia_coli,glycerol-plate_14,A8,12.0,Escherichia_coli_0
212,BBF10K_001504,Mesoplasma_florum,glycerol-plate_14,B10,44.0,Mesoplasma_florum_0
213,BBF10K_001232,Escherichia_coli,glycerol-plate_14,C1,13.0,Escherichia_coli_0
214,BBF10K_001246,Mesoplasma_florum,glycerol-plate_14,E9,45.0,Mesoplasma_florum_0
215,BBF10K_000844,Bacillus_subtilis,glycerol-plate_14,F2,15.0,Bacillus_subtilis_0
216,BBF10K_001042,Escherichia_coli,glycerol-plate_14,G6,14.0,Escherichia_coli_0
217,BBF10K_000766,Bacillus_subtilis,glycerol-plate_14,F1,16.0,Bacillus_subtilis_0
218,BBF10K_001001,Bacillus_subtilis,glycerol-plate_14,H5,17.0,Bacillus_subtilis_0
219,BBF10K_000803,Bacillus_subtilis,glycerol-plate_14,C2,18.0,Bacillus_subtilis_0
220,BBF10K_000969,Bacillus_subtilis,glycerol-plate_14,C5,19.0,Bacillus_subtilis_0
221,BBF10K_000961,Bacillus_subtilis,glycerol-plate_14,H4,20.0,Bacillus_subtilis_0
222,BBF10K_000956,Bacillus_subtilis,glycerol-plate_14,F4,21.0,Bacillus_subtilis_0
223,BBF10K_001820,Mesoplasma_florum,glycerol-plate_14,D1,46.0,Mesoplasma_florum_0
224,BBF10K_000998,Bacillus_subtilis,glycerol-plate_14,G5,22.0,Bacillus_subtilis_0
225,BBF10K_000881,Bacillus_subtilis,glycerol-plate_14,H2,23.0,Bacillus_subtilis_0
226,BBF10K_000977,Bacillus_subtilis,glycerol-plate_14,E5,24.0,Bacillus_subtilis_0
227,BBF10K_001027,Bacillus_subtilis,glycerol-plate_14,B1,25.0,Bacillus_subtilis_0
228,BBF10K_001250,Mesoplasma_florum,glycerol-plate_14,F9,47.0,Mesoplasma_florum_0
229,BBF10K_001017,Bacillus_subtilis,glycerol-plate_14,B6,26.0,Bacillus_subtilis_0
230,BBF10K_001735,Mesoplasma_florum,glycerol-plate_14,D10,48.0,Mesoplasma_florum_0
231,BBF10K_001090,Escherichia_coli,glycerol-plate_14,D7,15.0,Escherichia_coli_0
232,BBF10K_000917,Bacillus_subtilis,glycerol-plate_14,E3,27.0,Bacillus_subtilis_0
233,BBF10K_000947,Bacillus_subtilis,glycerol-plate_14,D4,28.0,Bacillus_subtilis_0
234,BBF10K_001018,Bacillus_subtilis,glycerol-plate_14,C6,29.0,Bacillus_subtilis_0
235,BBF10K_000820,Bacillus_subtilis,glycerol-plate_14,D2,30.0,Bacillus_subtilis_0
236,BBF10K_001013,Bacillus_subtilis,glycerol-plate_14,A6,31.0,Bacillus_subtilis_0
237,BBF10K_000920,Bacillus_subtilis,glycerol-plate_14,F3,32.0,Bacillus_subtilis_0
238,BBF10K_000948,Bacillus_subtilis,glycerol-plate_14,A1,33.0,Bacillus_subtilis_0
239,BBF10K_000890,Bacillus_subtilis,glycerol-plate_14,B3,34.0,Bacillus_subtilis_0
240,BBF10K_001210,Escherichia_coli,glycerol-plate_14,B9,16.0,Escherichia_coli_0
241,BBF10K_001194,Escherichia_coli,glycerol-plate_14,A9,17.0,Escherichia_coli_0
242,BBF10K_001045,Escherichia_coli,glycerol-plate_14,H6,18.0,Escherichia_coli_0
243,BBF10K_001186,Escherichia_coli,glycerol-plate_14,H8,19.0,Escherichia_coli_0
244,BBF10K_001184,Escherichia_coli,glycerol-plate_14,F8,20.0,Escherichia_coli_0
245,BBF10K_001056,Escherichia_coli,glycerol-plate_14,A7,21.0,Escherichia_coli_0
246,BBF10K_000928,Bacillus_subtilis,glycerol-plate_14,A4,35.0,Bacillus_subtilis_0
247,BBF10K_001181,Escherichia_coli,glycerol-plate_14,E8,22.0,Escherichia_coli_0
248,BBF10K_001167,Escherichia_coli,glycerol-plate_14,C8,23.0,Escherichia_coli_0
249,BBF10K_001867,Mesoplasma_florum,glycerol-plate_15,B8,49.0,Mesoplasma_florum_0
250,BBF10K_000901,Bacillus_subtilis,glycerol-plate_15,H1,36.0,Bacillus_subtilis_0
251,BBF10K_002836,Mycoplasma_pneumonia,glycerol-plate_15,D12,49.0,Mycoplasma_pneumonia_0
252,BBF10K_002378,Mycoplasma_genitalium,glycerol-plate_15,E9,33.0,Mycoplasma_genitalium_0
253,BBF10K_003057,Mycoplasma_pneumonia,glycerol-plate_15,H12,50.0,Mycoplasma_pneumonia_0
254,BBF10K_000755,Bacillus_subtilis,glycerol-plate_15,B1,37.0,Bacillus_subtilis_0
255,BBF10K_001252,Mesoplasma_florum,glycerol-plate_15,A5,50.0,Mesoplasma_florum_0
256,BBF10K_001545,Mesoplasma_florum,glycerol-plate_15,C6,51.0,Mesoplasma_florum_0
257,BBF10K_001318,Mesoplasma_florum,glycerol-plate_15,B5,52.0,Mesoplasma_florum_0
258,BBF10K_001006,Bacillus_subtilis,glycerol-plate_15,E2,38.0,Bacillus_subtilis_0
259,BBF10K_001648,Mesoplasma_florum,glycerol-plate_15,A7,53.0,Mesoplasma_florum_0
260,BBF10K_001016,Bacillus_subtilis,glycerol-plate_15,G2,39.0,Bacillus_subtilis_0
261,BBF10K_000859,Bacillus_subtilis,glycerol-plate_15,G1,40.0,Bacillus_subtilis_0
262,BBF10K_001507,Mesoplasma_florum,glycerol-plate_15,F5,54.0,Mesoplasma_florum_0
263,BBF10K_002828,Mycoplasma_pneumonia,glycerol-plate_15,C12,51.0,Mycoplasma_pneumonia_0
264,BBF10K_002336,Mycoplasma_genitalium,glycerol-plate_15,D9,34.0,Mycoplasma_genitalium_0
265,BBF10K_001692,Mesoplasma_florum,glycerol-plate_15,D7,55.0,Mesoplasma_florum_0
266,BBF10K_001662,Mesoplasma_florum,glycerol-plate_15,A1,56.0,Mesoplasma_florum_0
267,BBF10K_001946,Mycoplasma_genitalium,glycerol-plate_15,E8,35.0,Mycoplasma_genitalium_0
268,BBF10K_002531,Mycoplasma_pneumonia,glycerol-plate_15,D10,52.0,Mycoplasma_pneumonia_0
269,BBF10K_002685,Mycoplasma_pneumonia,glycerol-plate_15,H10,53.0,Mycoplasma_pneumonia_0
270,BBF10K_002764,Mycoplasma_pneumonia,glycerol-plate_15,D11,54.0,Mycoplasma_pneumonia_0
271,BBF10K_001693,Mesoplasma_florum,glycerol-plate_15,E7,57.0,Mesoplasma_florum_0
272,BBF10K_002403,Mycoplasma_genitalium,glycerol-plate_16,F9,36.0,Mycoplasma_genitalium_0
273,BBF10K_003013,Mycoplasma_pneumonia,glycerol-plate_16,B12,55.0,Mycoplasma_pneumonia_0
274,BBF10K_003056,Mycoplasma_pneumonia,glycerol-plate_16,G12,56.0,Mycoplasma_pneumonia_0
275,BBF10K_003008,Mycoplasma_pneumonia,glycerol-plate_16,A12,57.0,Mycoplasma_pneumonia_0
276,BBF10K_002938,Mycoplasma_pneumonia,glycerol-plate_16,H11,58.0,Mycoplasma_pneumonia_0
277,BBF10K_002919,Mycoplasma_pneumonia,glycerol-plate_16,F11,59.0,Mycoplasma_pneumonia_0
278,BBF10K_002114,Mycoplasma_genitalium,glycerol-plate_16,C8,37.0,Mycoplasma_genitalium_0
279,BBF10K_001824,Mesoplasma_florum,glycerol-plate_16,G1,58.0,Mesoplasma_florum_0
280,BBF10K_002237,Mycoplasma_genitalium,glycerol-plate_16,G8,38.0,Mycoplasma_genitalium_0
281,BBF10K_002084,Mycoplasma_genitalium,glycerol-plate_16,G7,39.0,Mycoplasma_genitalium_0
282,BBF10K_001994,Mycoplasma_genitalium,glycerol-plate_16,B7,40.0,Mycoplasma_genitalium_0
283,BBF10K_002146,Mycoplasma_genitalium,glycerol-plate_16,E8,41.0,Mycoplasma_genitalium_0
284,BBF10K_002173,Mycoplasma_genitalium,glycerol-plate_16,F8,42.0,Mycoplasma_genitalium_0
285,BBF10K_002701,Mycoplasma_pneumonia,glycerol-plate_16,A11,60.0,Mycoplasma_pneumonia_0
286,BBF10K_002838,Mycoplasma_pneumonia,glycerol-plate_16,C11,61.0,Mycoplasma_pneumonia_0
287,BBF10K_003103,Mycoplasma_pneumonia,glycerol-plate_16,H12,62.0,Mycoplasma_pneumonia_0
288,BBF10K_002514,Mycoplasma_pneumonia,glycerol-plate_16,H9,63.0,Mycoplasma_pneumonia_0
289,BBF10K_002450,Mycoplasma_pneumonia,glycerol-plate_16,G9,64.0,Mycoplasma_pneumonia_0
290,BBF10K_002547,Mycoplasma_pneumonia,glycerol-plate_16,D10,65.0,Mycoplasma_pneumonia_0
291,BBF10K_003035,Mycoplasma_pneumonia,glycerol-plate_16,E12,66.0,Mycoplasma_pneumonia_0
292,BBF10K_002292,Mycoplasma_genitalium,glycerol-plate_16,A9,43.0,Mycoplasma_genitalium_0
293,BBF10K_002384,Mycoplasma_genitalium,glycerol-plate_16,E9,44.0,Mycoplasma_genitalium_0
294,BBF10K_002774,Mycoplasma_pneumonia,glycerol-plate_16,B11,67.0,Mycoplasma_pneumonia_0
295,BBF10K_002910,Mycoplasma_pneumonia,glycerol-plate_16,E11,68.0,Mycoplasma_pneumonia_0
296,BBF10K_002523,Mycoplasma_pneumonia,glycerol-plate_16,B10,69.0,Mycoplasma_pneumonia_0
297,BBF10K_002061,Mycoplasma_genitalium,glycerol-plate_16,E7,45.0,Mycoplasma_genitalium_0
298,BBF10K_001062,Escherichia_coli,glycerol-plate_16,B4,24.0,Escherichia_coli_0
299,BBF10K_002518,Mycoplasma_pneumonia,glycerol-plate_16,A10,70.0,Mycoplasma_pneumonia_0
300,BBF10K_002591,Mycoplasma_pneumonia,glycerol-plate_16,F10,71.0,Mycoplasma_pneumonia_0
301,BBF10K_003016,Mycoplasma_pneumonia,glycerol-plate_16,C12,72.0,Mycoplasma_pneumonia_0
302,BBF10K_002135,Mycoplasma_genitalium,glycerol-plate_16,D8,46.0,Mycoplasma_genitalium_0
303,BBF10K_002103,Mycoplasma_genitalium,glycerol-plate_16,B8,47.0,Mycoplasma_genitalium_0
304,BBF10K_002367,Mycoplasma_genitalium,glycerol-plate_16,C9,48.0,Mycoplasma_genitalium_0
305,BBF10K_002287,Mycoplasma_genitalium,glycerol-plate_17,C1,49.0,Mycoplasma_genitalium_0
306,BBF10K_002126,Mycoplasma_genitalium,glycerol-plate_17,B8,50.0,Mycoplasma_genitalium_0
307,BBF10K_002150,Mycoplasma_genitalium,glycerol-plate_17,C8,51.0,Mycoplasma_genitalium_0
308,BBF10K_002316,Mycoplasma_genitalium,glycerol-plate_17,D9,52.0,Mycoplasma_genitalium_0
309,BBF10K_001251,Mesoplasma_florum,glycerol-plate_17,A2,59.0,Mesoplasma_florum_0
310,BBF10K_001595,Mesoplasma_florum,glycerol-plate_17,B4,60.0,Mesoplasma_florum_0
311,BBF10K_002564,Mycoplasma_pneumonia,glycerol-plate_17,D10,73.0,Mycoplasma_pneumonia_0
312,BBF10K_001312,Mesoplasma_florum,glycerol-plate_17,E2,61.0,Mesoplasma_florum_0
313,BBF10K_002805,Mycoplasma_pneumonia,glycerol-plate_17,E11,74.0,Mycoplasma_pneumonia_0
314,BBF10K_001433,Mesoplasma_florum,glycerol-plate_17,E3,62.0,Mesoplasma_florum_0
315,BBF10K_002026,Mycoplasma_genitalium,glycerol-plate_17,E7,53.0,Mycoplasma_genitalium_0
316,BBF10K_001362,Mesoplasma_florum,glycerol-plate_17,F2,63.0,Mesoplasma_florum_0
317,BBF10K_002159,Mycoplasma_genitalium,glycerol-plate_17,D8,54.0,Mycoplasma_genitalium_0
318,BBF10K_002849,Mycoplasma_pneumonia,glycerol-plate_17,A12,75.0,Mycoplasma_pneumonia_0
319,BBF10K_002230,Mycoplasma_genitalium,glycerol-plate_17,G8,55.0,Mycoplasma_genitalium_0
320,BBF10K_001738,Mesoplasma_florum,glycerol-plate_17,A5,64.0,Mesoplasma_florum_0
321,BBF10K_002032,Mycoplasma_genitalium,glycerol-plate_17,F7,56.0,Mycoplasma_genitalium_0
322,BBF10K_002112,Mycoplasma_genitalium,glycerol-plate_17,H7,57.0,Mycoplasma_genitalium_0
323,BBF10K_001871,Mesoplasma_florum,glycerol-plate_17,C6,65.0,Mesoplasma_florum_0
324,BBF10K_001819,Mesoplasma_florum,glycerol-plate_17,G5,66.0,Mesoplasma_florum_0
325,BBF10K_002408,Mycoplasma_genitalium,glycerol-plate_17,E9,58.0,Mycoplasma_genitalium_0
326,BBF10K_001388,Mesoplasma_florum,glycerol-plate_17,A3,67.0,Mesoplasma_florum_0
327,BBF10K_001855,Mesoplasma_florum,glycerol-plate_17,A6,68.0,Mesoplasma_florum_0
328,BBF10K_001611,Mesoplasma_florum,glycerol-plate_17,C4,69.0,Mesoplasma_florum_0
329,BBF10K_002959,Mycoplasma_pneumonia,glycerol-plate_17,H1,76.0,Mycoplasma_pneumonia_0
330,BBF10K_001412,Mesoplasma_florum,glycerol-plate_17,C3,70.0,Mesoplasma_florum_0
331,BBF10K_003044,Mycoplasma_pneumonia,glycerol-plate_17,F9,77.0,Mycoplasma_pneumonia_0
332,BBF10K_003006,Mycoplasma_pneumonia,glycerol-plate_17,E12,78.0,Mycoplasma_pneumonia_0
333,BBF10K_001727,Mesoplasma_florum,glycerol-plate_17,G4,71.0,Mesoplasma_florum_0
334,BBF10K_002730,Mycoplasma_pneumonia,glycerol-plate_17,D11,79.0,Mycoplasma_pneumonia_0
335,BBF10K_001381,Mesoplasma_florum,glycerol-plate_17,H2,72.0,Mesoplasma_florum_0
336,BBF10K_001906,Mesoplasma_florum,glycerol-plate_17,F6,73.0,Mesoplasma_florum_0
337,BBF10K_001415,Mesoplasma_florum,glycerol-plate_17,D3,74.0,Mesoplasma_florum_0
338,BBF10K_002817,Mycoplasma_pneumonia,glycerol-plate_17,F11,80.0,Mycoplasma_pneumonia_0
339,BBF10K_001856,Mesoplasma_florum,glycerol-plate_17,B6,75.0,Mesoplasma_florum_0
340,BBF10K_001397,Mesoplasma_florum,glycerol-plate_17,B3,76.0,Mesoplasma_florum_0
341,BBF10K_002516,Mycoplasma_pneumonia,glycerol-plate_17,A10,81.0,Mycoplasma_pneumonia_0
342,BBF10K_001289,Mesoplasma_florum,glycerol-plate_17,D2,77.0,Mesoplasma_florum_0
343,BBF10K_001441,Mesoplasma_florum,glycerol-plate_17,F3,78.0,Mesoplasma_florum_0
344,BBF10K_001883,Mesoplasma_florum,glycerol-plate_17,D6,79.0,Mesoplasma_florum_0
345,BBF10K_001784,Mesoplasma_florum,glycerol-plate_17,F5,80.0,Mesoplasma_florum_0
346,BBF10K_001341,Mesoplasma_florum,glycerol-plate_17,A1,81.0,Mesoplasma_florum_0
347,BBF10K_002704,Mycoplasma_pneumonia,glycerol-plate_17,B11,82.0,Mycoplasma_pneumonia_0
348,BBF10K_003091,Mycoplasma_pneumonia,glycerol-plate_17,G12,83.0,Mycoplasma_pneumonia_0
349,BBF10K_003046,Mycoplasma_pneumonia,glycerol-plate_17,C11,84.0,Mycoplasma_pneumonia_0
350,BBF10K_003023,Mycoplasma_pneumonia,glycerol-plate_17,E1,85.0,Mycoplasma_pneumonia_0
351,BBF10K_001768,Mesoplasma_florum,glycerol-plate_17,D5,82.0,Mesoplasma_florum_0
352,BBF10K_003031,Mycoplasma_pneumonia,glycerol-plate_17,F12,86.0,Mycoplasma_pneumonia_0
353,BBF10K_002013,Mycoplasma_genitalium,glycerol-plate_17,D7,59.0,Mycoplasma_genitalium_0
354,BBF10K_002579,Mycoplasma_pneumonia,glycerol-plate_17,F10,87.0,Mycoplasma_pneumonia_0
355,BBF10K_002271,Mycoplasma_genitalium,glycerol-plate_17,A9,60.0,Mycoplasma_genitalium_0
356,BBF10K_002035,Mycoplasma_genitalium,glycerol-plate_17,G7,61.0,Mycoplasma_genitalium_0
357,BBF10K_002172,Mycoplasma_genitalium,glycerol-plate_17,E8,62.0,Mycoplasma_genitalium_0
358,BBF10K_002982,Mycoplasma_pneumonia,glycerol-plate_17,D12,88.0,Mycoplasma_pneumonia_0
359,BBF10K_003043,Mycoplasma_pneumonia,glycerol-plate_17,C9,89.0,Mycoplasma_pneumonia_0
360,BBF10K_001669,Mesoplasma_florum,glycerol-plate_17,D4,83.0,Mesoplasma_florum_0
361,BBF10K_001701,Mesoplasma_florum,glycerol-plate_17,E4,84.0,Mesoplasma_florum_0
362,BBF10K_003018,Mycoplasma_pneumonia,glycerol-plate_17,D1,90.0,Mycoplasma_pneumonia_0
363,BBF10K_001886,Mesoplasma_florum,glycerol-plate_17,E6,85.0,Mesoplasma_florum_0
364,BBF10K_003072,Mycoplasma_pneumonia,glycerol-plate_17,G1,91.0,Mycoplasma_pneumonia_0
365,BBF10K_001514,Mesoplasma_florum,glycerol-plate_17,H3,86.0,Mesoplasma_florum_0
366,BBF10K_002077,Mycoplasma_genitalium,glycerol-plate_18,F9,63.0,Mycoplasma_genitalium_0
367,BBF10K_002750,Mycoplasma_pneumonia,glycerol-plate_18,D12,92.0,Mycoplasma_pneumonia_0
368,BBF10K_002581,Mycoplasma_pneumonia,glycerol-plate_18,F11,93.0,Mycoplasma_pneumonia_0
369,BBF10K_002308,Mycoplasma_genitalium,glycerol-plate_18,E10,64.0,Mycoplasma_genitalium_0
370,BBF10K_002167,Mycoplasma_genitalium,glycerol-plate_18,A10,65.0,Mycoplasma_genitalium_0
371,BBF10K_001005,Bacillus_subtilis,glycerol-plate_18,F4,41.0,Bacillus_subtilis_0
372,BBF10K_002577,Mycoplasma_pneumonia,glycerol-plate_18,E11,94.0,Mycoplasma_pneumonia_0
373,BBF10K_000886,Bacillus_subtilis,glycerol-plate_18,C3,42.0,Bacillus_subtilis_0
374,BBF10K_002158,Mycoplasma_genitalium,glycerol-plate_18,G9,66.0,Mycoplasma_genitalium_0
375,BBF10K_000918,Bacillus_subtilis,glycerol-plate_18,D3,43.0,Bacillus_subtilis_0
376,BBF10K_002812,Mycoplasma_pneumonia,glycerol-plate_18,F12,95.0,Mycoplasma_pneumonia_0
377,BBF10K_003027,Mycoplasma_pneumonia,glycerol-plate_18,H12,0.0,Mycoplasma_pneumonia_1
378,BBF10K_000846,Bacillus_subtilis,glycerol-plate_18,G2,44.0,Bacillus_subtilis_0
379,BBF10K_000932,Bacillus_subtilis,glycerol-plate_18,F3,45.0,Bacillus_subtilis_0
380,BBF10K_000972,Bacillus_subtilis,glycerol-plate_18,B4,46.0,Bacillus_subtilis_0
381,BBF10K_002726,Mycoplasma_pneumonia,glycerol-plate_18,B12,1.0,Mycoplasma_pneumonia_1
382,BBF10K_000794,Bacillus_subtilis,glycerol-plate_18,D2,47.0,Bacillus_subtilis_0
383,BBF10K_002198,Mycoplasma_genitalium,glycerol-plate_18,B10,67.0,Mycoplasma_genitalium_0
384,BBF10K_001029,Bacillus_subtilis,glycerol-plate_18,H4,48.0,Bacillus_subtilis_0
385,BBF10K_002011,Mycoplasma_genitalium,glycerol-plate_18,D9,68.0,Mycoplasma_genitalium_0
386,BBF10K_002862,Mycoplasma_pneumonia,glycerol-plate_18,G12,2.0,Mycoplasma_pneumonia_1
387,BBF10K_000765,Bacillus_subtilis,glycerol-plate_18,A2,49.0,Bacillus_subtilis_0
388,BBF10K_002197,Mycoplasma_genitalium,glycerol-plate_18,G8,69.0,Mycoplasma_genitalium_0
389,BBF10K_000851,Bacillus_subtilis,glycerol-plate_18,H2,50.0,Bacillus_subtilis_0
390,BBF10K_001762,Mesoplasma_florum,glycerol-plate_18,D8,87.0,Mesoplasma_florum_0
391,BBF10K_000943,Bacillus_subtilis,glycerol-plate_18,G3,51.0,Bacillus_subtilis_0
392,BBF10K_002414,Mycoplasma_genitalium,glycerol-plate_18,A11,70.0,Mycoplasma_genitalium_0
393,BBF10K_000772,Bacillus_subtilis,glycerol-plate_18,B2,52.0,Bacillus_subtilis_0
394,BBF10K_001095,Escherichia_coli,glycerol-plate_18,D5,25.0,Escherichia_coli_0
395,BBF10K_002355,Mycoplasma_genitalium,glycerol-plate_18,G10,71.0,Mycoplasma_genitalium_0
396,BBF10K_000950,Bacillus_subtilis,glycerol-plate_18,H3,53.0,Bacillus_subtilis_0
397,BBF10K_002546,Mycoplasma_pneumonia,glycerol-plate_18,F1,3.0,Mycoplasma_pneumonia_1
398,BBF10K_002291,Mycoplasma_genitalium,glycerol-plate_18,C10,72.0,Mycoplasma_genitalium_0
399,BBF10K_000979,Bacillus_subtilis,glycerol-plate_18,C4,54.0,Bacillus_subtilis_0
400,BBF10K_000965,Bacillus_subtilis,glycerol-plate_18,A4,55.0,Bacillus_subtilis_0
401,BBF10K_002636,Mycoplasma_pneumonia,glycerol-plate_18,A12,4.0,Mycoplasma_pneumonia_1
402,BBF10K_002594,Mycoplasma_pneumonia,glycerol-plate_18,G11,5.0,Mycoplasma_pneumonia_1
403,BBF10K_000992,Bacillus_subtilis,glycerol-plate_18,E4,56.0,Bacillus_subtilis_0
404,BBF10K_002317,Mycoplasma_genitalium,glycerol-plate_18,F10,73.0,Mycoplasma_genitalium_0
405,BBF10K_000791,Bacillus_subtilis,glycerol-plate_18,C2,57.0,Bacillus_subtilis_0
406,BBF10K_002634,Mycoplasma_pneumonia,glycerol-plate_18,H11,6.0,Mycoplasma_pneumonia_1
407,BBF10K_002485,Mycoplasma_pneumonia,glycerol-plate_18,C11,7.0,Mycoplasma_pneumonia_1
408,BBF10K_002741,Mycoplasma_pneumonia,glycerol-plate_18,C12,8.0,Mycoplasma_pneumonia_1
409,BBF10K_001605,Mesoplasma_florum,glycerol-plate_18,C1,88.0,Mesoplasma_florum_0
410,BBF10K_001374,Mesoplasma_florum,glycerol-plate_18,D7,89.0,Mesoplasma_florum_0
411,BBF10K_001851,Mesoplasma_florum,glycerol-plate_18,G7,90.0,Mesoplasma_florum_0
412,BBF10K_001721,Mesoplasma_florum,glycerol-plate_18,B8,91.0,Mesoplasma_florum_0
413,BBF10K_001698,Mesoplasma_florum,glycerol-plate_18,H7,92.0,Mesoplasma_florum_0
414,BBF10K_001712,Mesoplasma_florum,glycerol-plate_18,A8,93.0,Mesoplasma_florum_0
415,BBF10K_001861,Mesoplasma_florum,glycerol-plate_18,D1,94.0,Mesoplasma_florum_0
416,BBF10K_001155,Escherichia_coli,glycerol-plate_18,H5,26.0,Escherichia_coli_0
417,BBF10K_001080,Escherichia_coli,glycerol-plate_18,B5,27.0,Escherichia_coli_0
418,BBF10K_001729,Mesoplasma_florum,glycerol-plate_18,H1,95.0,Mesoplasma_florum_0
419,BBF10K_001180,Escherichia_coli,glycerol-plate_18,C6,28.0,Escherichia_coli_0
420,BBF10K_002303,Mycoplasma_genitalium,glycerol-plate_18,D10,74.0,Mycoplasma_genitalium_0
421,BBF10K_002974,Mycoplasma_pneumonia,glycerol-plate_19,H6,9.0,Mycoplasma_pneumonia_1
422,BBF10K_002604,Mycoplasma_pneumonia,glycerol-plate_19,A11,10.0,Mycoplasma_pneumonia_1
423,BBF10K_001270,Mesoplasma_florum,glycerol-plate_19,E5,0.0,Mesoplasma_florum_1
424,BBF10K_001273,Mesoplasma_florum,glycerol-plate_19,H5,1.0,Mesoplasma_florum_1
425,BBF10K_001725,Mesoplasma_florum,glycerol-plate_19,F3,2.0,Mesoplasma_florum_1
426,BBF10K_001787,Mesoplasma_florum,glycerol-plate_19,D4,3.0,Mesoplasma_florum_1
427,BBF10K_001566,Mesoplasma_florum,glycerol-plate_19,H12,4.0,Mesoplasma_florum_1
428,BBF10K_002396,Mycoplasma_genitalium,glycerol-plate_19,H2,75.0,Mycoplasma_genitalium_0
429,BBF10K_002219,Mycoplasma_genitalium,glycerol-plate_19,G7,76.0,Mycoplasma_genitalium_0
430,BBF10K_002276,Mycoplasma_genitalium,glycerol-plate_19,D8,77.0,Mycoplasma_genitalium_0
431,BBF10K_002510,Mycoplasma_pneumonia,glycerol-plate_19,B10,11.0,Mycoplasma_pneumonia_1
432,BBF10K_001400,Mesoplasma_florum,glycerol-plate_19,H7,5.0,Mesoplasma_florum_1
433,BBF10K_001620,Mesoplasma_florum,glycerol-plate_19,E3,6.0,Mesoplasma_florum_1
434,BBF10K_003076,Mycoplasma_pneumonia,glycerol-plate_19,H4,12.0,Mycoplasma_pneumonia_1
435,BBF10K_001467,Mesoplasma_florum,glycerol-plate_19,F2,7.0,Mesoplasma_florum_1
436,BBF10K_001429,Mesoplasma_florum,glycerol-plate_19,E8,8.0,Mesoplasma_florum_1
437,BBF10K_001354,Mesoplasma_florum,glycerol-plate_19,E7,9.0,Mesoplasma_florum_1
438,BBF10K_002843,Mycoplasma_pneumonia,glycerol-plate_19,D12,13.0,Mycoplasma_pneumonia_1
439,BBF10K_002326,Mycoplasma_genitalium,glycerol-plate_19,G8,78.0,Mycoplasma_genitalium_0
440,BBF10K_001535,Mesoplasma_florum,glycerol-plate_19,H11,10.0,Mesoplasma_florum_1
441,BBF10K_001705,Mesoplasma_florum,glycerol-plate_19,E1,11.0,Mesoplasma_florum_1
442,BBF10K_001541,Mesoplasma_florum,glycerol-plate_19,E12,12.0,Mesoplasma_florum_1
443,BBF10K_001261,Mesoplasma_florum,glycerol-plate_19,B5,13.0,Mesoplasma_florum_1
444,BBF10K_002417,Mycoplasma_genitalium,glycerol-plate_19,D9,79.0,Mycoplasma_genitalium_0
445,BBF10K_002052,Mycoplasma_genitalium,glycerol-plate_19,E2,80.0,Mycoplasma_genitalium_0
446,BBF10K_002263,Mycoplasma_genitalium,glycerol-plate_19,B8,81.0,Mycoplasma_genitalium_0
447,BBF10K_001445,Mesoplasma_florum,glycerol-plate_19,E9,14.0,Mesoplasma_florum_1
448,BBF10K_002765,Mycoplasma_pneumonia,glycerol-plate_19,A12,14.0,Mycoplasma_pneumonia_1
449,BBF10K_001769,Mesoplasma_florum,glycerol-plate_19,H1,15.0,Mesoplasma_florum_1
450,BBF10K_001477,Mesoplasma_florum,glycerol-plate_19,E11,16.0,Mesoplasma_florum_1
451,BBF10K_002552,Mycoplasma_pneumonia,glycerol-plate_19,F10,15.0,Mycoplasma_pneumonia_1
452,BBF10K_001471,Mesoplasma_florum,glycerol-plate_19,H9,17.0,Mesoplasma_florum_1
453,BBF10K_002981,Mycoplasma_pneumonia,glycerol-plate_19,F12,16.0,Mycoplasma_pneumonia_1
454,BBF10K_002662,Mycoplasma_pneumonia,glycerol-plate_19,C11,17.0,Mycoplasma_pneumonia_1
455,BBF10K_002025,Mycoplasma_genitalium,glycerol-plate_19,C6,82.0,Mycoplasma_genitalium_0
456,BBF10K_002309,Mycoplasma_genitalium,glycerol-plate_19,F8,83.0,Mycoplasma_genitalium_0
457,BBF10K_002956,Mycoplasma_pneumonia,glycerol-plate_19,E4,18.0,Mycoplasma_pneumonia_1
458,BBF10K_002984,Mycoplasma_pneumonia,glycerol-plate_19,G12,19.0,Mycoplasma_pneumonia_1
459,BBF10K_001534,Mesoplasma_florum,glycerol-plate_19,G11,18.0,Mesoplasma_florum_1
460,BBF10K_001435,Mesoplasma_florum,glycerol-plate_19,H8,19.0,Mesoplasma_florum_1
461,BBF10K_001882,Mesoplasma_florum,glycerol-plate_19,F4,20.0,Mesoplasma_florum_1
462,BBF10K_000251,Mycoplasma_syn3,glycerol-plate_2,B5,58.0,Mycoplasma_syn3_0
463,BBF10K_000087,Mycoplasma_syn3,glycerol-plate_2,E1,59.0,Mycoplasma_syn3_0
464,BBF10K_000388,Mycoplasma_syn3,glycerol-plate_2,H2,60.0,Mycoplasma_syn3_0
465,BBF10K_000206,Mycoplasma_syn3,glycerol-plate_2,A8,61.0,Mycoplasma_syn3_0
466,BBF10K_000084,Mycoplasma_syn3,glycerol-plate_2,G5,62.0,Mycoplasma_syn3_0
467,BBF10K_000296,Mycoplasma_syn3,glycerol-plate_2,H7,63.0,Mycoplasma_syn3_0
468,BBF10K_000311,Mycoplasma_syn3,glycerol-plate_2,H4,64.0,Mycoplasma_syn3_0
469,BBF10K_000339,Mycoplasma_syn3,glycerol-plate_2,E6,65.0,Mycoplasma_syn3_0
470,BBF10K_000292,Mycoplasma_syn3,glycerol-plate_2,F10,66.0,Mycoplasma_syn3_0
471,BBF10K_000054,Mycoplasma_syn3,glycerol-plate_2,C8,67.0,Mycoplasma_syn3_0
472,BBF10K_000111,Mycoplasma_syn3,glycerol-plate_2,A10,68.0,Mycoplasma_syn3_0
473,BBF10K_000187,Mycoplasma_syn3,glycerol-plate_2,F6,69.0,Mycoplasma_syn3_0
474,BBF10K_000343,Mycoplasma_syn3,glycerol-plate_2,D11,70.0,Mycoplasma_syn3_0
475,BBF10K_000175,Mycoplasma_syn3,glycerol-plate_2,A3,71.0,Mycoplasma_syn3_0
476,BBF10K_000112,Mycoplasma_syn3,glycerol-plate_2,G10,72.0,Mycoplasma_syn3_0
477,BBF10K_000374,Mycoplasma_syn3,glycerol-plate_2,A9,73.0,Mycoplasma_syn3_0
478,BBF10K_000096,Mycoplasma_syn3,glycerol-plate_2,B11,74.0,Mycoplasma_syn3_0
479,BBF10K_000289,Mycoplasma_syn3,glycerol-plate_2,C6,75.0,Mycoplasma_syn3_0
480,BBF10K_000268,Mycoplasma_syn3,glycerol-plate_2,H12,76.0,Mycoplasma_syn3_0
481,BBF10K_000226,Mycoplasma_syn3,glycerol-plate_2,C9,77.0,Mycoplasma_syn3_0
482,BBF10K_000036,Mycoplasma_syn3,glycerol-plate_2,H6,78.0,Mycoplasma_syn3_0
483,BBF10K_000003,Mycoplasma_syn3,glycerol-plate_2,F3,79.0,Mycoplasma_syn3_0
484,BBF10K_000025,Mycoplasma_syn3,glycerol-plate_2,B12,80.0,Mycoplasma_syn3_0
485,BBF10K_000088,Mycoplasma_syn3,glycerol-plate_2,C3,81.0,Mycoplasma_syn3_0
486,BBF10K_000009,Mycoplasma_syn3,glycerol-plate_2,D5,82.0,Mycoplasma_syn3_0
487,BBF10K_000220,Mycoplasma_syn3,glycerol-plate_2,E3,83.0,Mycoplasma_syn3_0
488,BBF10K_000325,Mycoplasma_syn3,glycerol-plate_2,H11,84.0,Mycoplasma_syn3_0
489,BBF10K_000114,Mycoplasma_syn3,glycerol-plate_2,G4,85.0,Mycoplasma_syn3_0
490,BBF10K_000098,Mycoplasma_syn3,glycerol-plate_2,D3,86.0,Mycoplasma_syn3_0
491,BBF10K_000397,Mycoplasma_syn3,glycerol-plate_2,E10,87.0,Mycoplasma_syn3_0
492,BBF10K_000121,Mycoplasma_syn3,glycerol-plate_2,A7,88.0,Mycoplasma_syn3_0
493,BBF10K_000085,Mycoplasma_syn3,glycerol-plate_2,F4,89.0,Mycoplasma_syn3_0
494,BBF10K_000210,Mycoplasma_syn3,glycerol-plate_2,D6,90.0,Mycoplasma_syn3_0
495,BBF10K_000086,Mycoplasma_syn3,glycerol-plate_2,B3,91.0,Mycoplasma_syn3_0
496,BBF10K_000359,Mycoplasma_syn3,glycerol-plate_2,B9,92.0,Mycoplasma_syn3_0
497,BBF10K_000256,Mycoplasma_syn3,glycerol-plate_2,A11,93.0,Mycoplasma_syn3_0
498,BBF10K_000316,Mycoplasma_syn3,glycerol-plate_2,D8,94.0,Mycoplasma_syn3_0
499,BBF10K_000198,Mycoplasma_syn3,glycerol-plate_2,G1,95.0,Mycoplasma_syn3_0
500,BBF10K_000126,Mycoplasma_syn3,glycerol-plate_2,B2,0.0,Mycoplasma_syn3_1
501,BBF10K_000026,Mycoplasma_syn3,glycerol-plate_2,E9,1.0,Mycoplasma_syn3_1
502,BBF10K_000291,Mycoplasma_syn3,glycerol-plate_2,C2,2.0,Mycoplasma_syn3_1
503,BBF10K_000245,Mycoplasma_syn3,glycerol-plate_2,A1,3.0,Mycoplasma_syn3_1
504,BBF10K_000246,Mycoplasma_syn3,glycerol-plate_2,B10,4.0,Mycoplasma_syn3_1
505,BBF10K_000304,Mycoplasma_syn3,glycerol-plate_2,C7,5.0,Mycoplasma_syn3_1
506,BBF10K_000060,Mycoplasma_syn3,glycerol-plate_2,F9,6.0,Mycoplasma_syn3_1
507,BBF10K_000228,Mycoplasma_syn3,glycerol-plate_2,E7,7.0,Mycoplasma_syn3_1
508,BBF10K_000261,Mycoplasma_syn3,glycerol-plate_2,D2,8.0,Mycoplasma_syn3_1
509,BBF10K_000224,Mycoplasma_syn3,glycerol-plate_2,F11,9.0,Mycoplasma_syn3_1
510,BBF10K_000299,Mycoplasma_syn3,glycerol-plate_2,H3,10.0,Mycoplasma_syn3_1
511,BBF10K_000266,Mycoplasma_syn3,glycerol-plate_2,F2,11.0,Mycoplasma_syn3_1
512,BBF10K_000294,Mycoplasma_syn3,glycerol-plate_2,G3,12.0,Mycoplasma_syn3_1
513,BBF10K_000151,Mycoplasma_syn3,glycerol-plate_2,F12,13.0,Mycoplasma_syn3_1
514,BBF10K_000104,Mycoplasma_syn3,glycerol-plate_2,B8,14.0,Mycoplasma_syn3_1
515,BBF10K_000309,Mycoplasma_syn3,glycerol-plate_2,G11,15.0,Mycoplasma_syn3_1
516,BBF10K_000248,Mycoplasma_syn3,glycerol-plate_2,D7,16.0,Mycoplasma_syn3_1
517,BBF10K_000113,Mycoplasma_syn3,glycerol-plate_2,A4,17.0,Mycoplasma_syn3_1
518,BBF10K_000203,Mycoplasma_syn3,glycerol-plate_2,B1,18.0,Mycoplasma_syn3_1
519,BBF10K_000137,Mycoplasma_syn3,glycerol-plate_2,D12,19.0,Mycoplasma_syn3_1
520,BBF10K_000262,Mycoplasma_syn3,glycerol-plate_2,F1,20.0,Mycoplasma_syn3_1
521,BBF10K_000103,Mycoplasma_syn3,glycerol-plate_2,E2,21.0,Mycoplasma_syn3_1
522,BBF10K_001836,Mesoplasma_florum,glycerol-plate_20,A5,21.0,Mesoplasma_florum_1
523,BBF10K_002942,Mycoplasma_pneumonia,glycerol-plate_20,E1,20.0,Mycoplasma_pneumonia_1
524,BBF10K_002592,Mycoplasma_pneumonia,glycerol-plate_20,D9,21.0,Mycoplasma_pneumonia_1
525,BBF10K_002915,Mycoplasma_pneumonia,glycerol-plate_20,D11,22.0,Mycoplasma_pneumonia_1
526,BBF10K_002486,Mycoplasma_pneumonia,glycerol-plate_20,C8,23.0,Mycoplasma_pneumonia_1
527,BBF10K_002643,Mycoplasma_pneumonia,glycerol-plate_20,A10,24.0,Mycoplasma_pneumonia_1
528,BBF10K_001741,Mesoplasma_florum,glycerol-plate_20,H12,22.0,Mesoplasma_florum_1
529,BBF10K_001656,Mesoplasma_florum,glycerol-plate_20,D2,23.0,Mesoplasma_florum_1
530,BBF10K_002683,Mycoplasma_pneumonia,glycerol-plate_20,D10,25.0,Mycoplasma_pneumonia_1
531,BBF10K_001732,Mesoplasma_florum,glycerol-plate_20,D12,24.0,Mesoplasma_florum_1
532,BBF10K_003059,Mycoplasma_pneumonia,glycerol-plate_20,E12,26.0,Mycoplasma_pneumonia_1
533,BBF10K_002506,Mycoplasma_pneumonia,glycerol-plate_20,E8,27.0,Mycoplasma_pneumonia_1
534,BBF10K_001579,Mesoplasma_florum,glycerol-plate_20,A1,25.0,Mesoplasma_florum_1
535,BBF10K_001350,Mesoplasma_florum,glycerol-plate_20,G2,26.0,Mesoplasma_florum_1
536,BBF10K_002829,Mycoplasma_pneumonia,glycerol-plate_20,H10,28.0,Mycoplasma_pneumonia_1
537,BBF10K_002718,Mycoplasma_pneumonia,glycerol-plate_20,E10,29.0,Mycoplasma_pneumonia_1
538,BBF10K_001635,Mesoplasma_florum,glycerol-plate_20,A2,27.0,Mesoplasma_florum_1
539,BBF10K_001740,Mesoplasma_florum,glycerol-plate_20,D4,28.0,Mesoplasma_florum_1
540,BBF10K_002756,Mycoplasma_pneumonia,glycerol-plate_20,G10,30.0,Mycoplasma_pneumonia_1
541,BBF10K_003000,Mycoplasma_pneumonia,glycerol-plate_20,B9,31.0,Mycoplasma_pneumonia_1
542,BBF10K_002655,Mycoplasma_pneumonia,glycerol-plate_20,C10,32.0,Mycoplasma_pneumonia_1
543,BBF10K_001564,Mesoplasma_florum,glycerol-plate_20,C3,29.0,Mesoplasma_florum_1
544,BBF10K_002512,Mycoplasma_pneumonia,glycerol-plate_20,F8,33.0,Mycoplasma_pneumonia_1
545,BBF10K_002590,Mycoplasma_pneumonia,glycerol-plate_20,C9,34.0,Mycoplasma_pneumonia_1
546,BBF10K_002952,Mycoplasma_pneumonia,glycerol-plate_20,H1,35.0,Mycoplasma_pneumonia_1
547,BBF10K_001930,Mycoplasma_genitalium,glycerol-plate_20,B1,84.0,Mycoplasma_genitalium_0
548,BBF10K_002893,Mycoplasma_pneumonia,glycerol-plate_20,C11,36.0,Mycoplasma_pneumonia_1
549,BBF10K_002010,Mycoplasma_genitalium,glycerol-plate_20,D6,85.0,Mycoplasma_genitalium_0
550,BBF10K_001709,Mesoplasma_florum,glycerol-plate_20,H7,30.0,Mesoplasma_florum_1
551,BBF10K_001973,Mycoplasma_genitalium,glycerol-plate_20,A6,86.0,Mycoplasma_genitalium_0
552,BBF10K_002257,Mycoplasma_genitalium,glycerol-plate_20,C7,87.0,Mycoplasma_genitalium_0
553,BBF10K_002302,Mycoplasma_genitalium,glycerol-plate_20,E7,88.0,Mycoplasma_genitalium_0
554,BBF10K_001700,Mesoplasma_florum,glycerol-plate_20,B4,31.0,Mesoplasma_florum_1
555,BBF10K_001715,Mesoplasma_florum,glycerol-plate_20,G11,32.0,Mesoplasma_florum_1
556,BBF10K_002482,Mycoplasma_pneumonia,glycerol-plate_20,B8,37.0,Mycoplasma_pneumonia_1
557,BBF10K_002002,Mycoplasma_genitalium,glycerol-plate_20,C6,89.0,Mycoplasma_genitalium_0
558,BBF10K_002211,Mycoplasma_genitalium,glycerol-plate_20,C1,90.0,Mycoplasma_genitalium_0
559,BBF10K_001577,Mesoplasma_florum,glycerol-plate_20,E3,33.0,Mesoplasma_florum_1
560,BBF10K_001647,Mesoplasma_florum,glycerol-plate_20,H3,34.0,Mesoplasma_florum_1
561,BBF10K_001617,Mesoplasma_florum,glycerol-plate_20,F3,35.0,Mesoplasma_florum_1
562,BBF10K_002047,Mycoplasma_genitalium,glycerol-plate_20,E6,91.0,Mycoplasma_genitalium_0
563,BBF10K_002240,Mycoplasma_genitalium,glycerol-plate_20,B7,92.0,Mycoplasma_genitalium_0
564,BBF10K_002928,Mycoplasma_pneumonia,glycerol-plate_20,F11,38.0,Mycoplasma_pneumonia_1
565,BBF10K_001625,Mesoplasma_florum,glycerol-plate_20,G3,36.0,Mesoplasma_florum_1
566,BBF10K_002946,Mycoplasma_pneumonia,glycerol-plate_20,F1,39.0,Mycoplasma_pneumonia_1
567,BBF10K_002630,Mycoplasma_pneumonia,glycerol-plate_20,G9,40.0,Mycoplasma_pneumonia_1
568,BBF10K_002351,Mycoplasma_genitalium,glycerol-plate_20,F7,93.0,Mycoplasma_genitalium_0
569,BBF10K_001772,Mesoplasma_florum,glycerol-plate_20,E4,37.0,Mesoplasma_florum_1
570,BBF10K_002419,Mycoplasma_genitalium,glycerol-plate_20,G7,94.0,Mycoplasma_genitalium_0
571,BBF10K_001623,Mesoplasma_florum,glycerol-plate_20,D1,38.0,Mesoplasma_florum_1
572,BBF10K_002960,Mycoplasma_pneumonia,glycerol-plate_20,B2,41.0,Mycoplasma_pneumonia_1
573,BBF10K_002642,Mycoplasma_pneumonia,glycerol-plate_20,H9,42.0,Mycoplasma_pneumonia_1
574,BBF10K_001791,Mesoplasma_florum,glycerol-plate_20,F4,39.0,Mesoplasma_florum_1
575,BBF10K_002524,Mycoplasma_pneumonia,glycerol-plate_20,G8,43.0,Mycoplasma_pneumonia_1
576,BBF10K_001367,Mesoplasma_florum,glycerol-plate_20,H2,40.0,Mesoplasma_florum_1
577,BBF10K_002079,Mycoplasma_genitalium,glycerol-plate_20,F6,95.0,Mycoplasma_genitalium_0
578,BBF10K_003088,Mycoplasma_pneumonia,glycerol-plate_20,F12,44.0,Mycoplasma_pneumonia_1
579,BBF10K_001310,Mesoplasma_florum,glycerol-plate_20,F2,41.0,Mesoplasma_florum_1
580,BBF10K_002949,Mycoplasma_pneumonia,glycerol-plate_20,G1,45.0,Mycoplasma_pneumonia_1
581,BBF10K_001708,Mesoplasma_florum,glycerol-plate_20,D7,42.0,Mesoplasma_florum_1
582,BBF10K_001728,Mesoplasma_florum,glycerol-plate_20,C4,43.0,Mesoplasma_florum_1
583,BBF10K_002216,Mycoplasma_genitalium,glycerol-plate_21,H7,0.0,Mycoplasma_genitalium_1
584,BBF10K_002394,Mycoplasma_genitalium,glycerol-plate_21,B9,1.0,Mycoplasma_genitalium_1
585,BBF10K_002723,Mycoplasma_pneumonia,glycerol-plate_21,G10,46.0,Mycoplasma_pneumonia_1
586,BBF10K_001970,Mycoplasma_genitalium,glycerol-plate_21,F6,2.0,Mycoplasma_genitalium_1
587,BBF10K_002075,Mycoplasma_genitalium,glycerol-plate_21,B7,3.0,Mycoplasma_genitalium_1
588,BBF10K_003114,Mycoplasma_pneumonia,glycerol-plate_21,G12,47.0,Mycoplasma_pneumonia_1
589,BBF10K_002586,Mycoplasma_pneumonia,glycerol-plate_21,H9,48.0,Mycoplasma_pneumonia_1
590,BBF10K_001785,Mesoplasma_florum,glycerol-plate_21,A7,44.0,Mesoplasma_florum_1
591,BBF10K_002221,Mycoplasma_genitalium,glycerol-plate_21,A8,4.0,Mycoplasma_genitalium_1
592,BBF10K_002647,Mycoplasma_pneumonia,glycerol-plate_21,B10,49.0,Mycoplasma_pneumonia_1
593,BBF10K_001549,Mesoplasma_florum,glycerol-plate_21,C4,45.0,Mesoplasma_florum_1
594,BBF10K_002691,Mycoplasma_pneumonia,glycerol-plate_21,F10,50.0,Mycoplasma_pneumonia_1
595,BBF10K_001419,Mesoplasma_florum,glycerol-plate_21,H2,46.0,Mesoplasma_florum_1
596,BBF10K_003036,Mycoplasma_pneumonia,glycerol-plate_21,D12,51.0,Mycoplasma_pneumonia_1
597,BBF10K_002300,Mycoplasma_genitalium,glycerol-plate_21,E8,5.0,Mycoplasma_genitalium_1
598,BBF10K_001427,Mesoplasma_florum,glycerol-plate_21,B3,47.0,Mesoplasma_florum_1
599,BBF10K_002410,Mycoplasma_genitalium,glycerol-plate_21,C9,6.0,Mycoplasma_genitalium_1
600,BBF10K_001321,Mesoplasma_florum,glycerol-plate_21,E2,48.0,Mesoplasma_florum_1
601,BBF10K_001874,Mesoplasma_florum,glycerol-plate_21,H5,49.0,Mesoplasma_florum_1
602,BBF10K_002686,Mycoplasma_pneumonia,glycerol-plate_21,D10,52.0,Mycoplasma_pneumonia_1
603,BBF10K_001439,Mesoplasma_florum,glycerol-plate_21,E3,50.0,Mesoplasma_florum_1
604,BBF10K_002363,Mycoplasma_genitalium,glycerol-plate_21,A9,7.0,Mycoplasma_genitalium_1
605,BBF10K_001907,Mesoplasma_florum,glycerol-plate_21,B6,51.0,Mesoplasma_florum_1
606,BBF10K_001279,Mesoplasma_florum,glycerol-plate_21,F1,52.0,Mesoplasma_florum_1
607,BBF10K_001332,Mesoplasma_florum,glycerol-plate_21,F2,53.0,Mesoplasma_florum_1
608,BBF10K_002328,Mycoplasma_genitalium,glycerol-plate_21,G8,8.0,Mycoplasma_genitalium_1
609,BBF10K_001501,Mesoplasma_florum,glycerol-plate_21,H3,54.0,Mesoplasma_florum_1
610,BBF10K_001722,Mesoplasma_florum,glycerol-plate_21,B5,55.0,Mesoplasma_florum_1
611,BBF10K_001430,Mesoplasma_florum,glycerol-plate_21,C3,56.0,Mesoplasma_florum_1
612,BBF10K_001685,Mesoplasma_florum,glycerol-plate_21,F4,57.0,Mesoplasma_florum_1
613,BBF10K_001706,Mesoplasma_florum,glycerol-plate_21,A5,58.0,Mesoplasma_florum_1
614,BBF10K_001450,Mesoplasma_florum,glycerol-plate_21,F3,59.0,Mesoplasma_florum_1
615,BBF10K_002690,Mycoplasma_pneumonia,glycerol-plate_21,E10,53.0,Mycoplasma_pneumonia_1
616,BBF10K_002987,Mycoplasma_pneumonia,glycerol-plate_21,B2,54.0,Mycoplasma_pneumonia_1
617,BBF10K_002749,Mycoplasma_pneumonia,glycerol-plate_21,H10,55.0,Mycoplasma_pneumonia_1
618,BBF10K_003066,Mycoplasma_pneumonia,glycerol-plate_21,B11,56.0,Mycoplasma_pneumonia_1
619,BBF10K_001311,Mesoplasma_florum,glycerol-plate_21,A2,60.0,Mesoplasma_florum_1
620,BBF10K_002311,Mycoplasma_genitalium,glycerol-plate_21,F8,9.0,Mycoplasma_genitalium_1
621,BBF10K_001910,Mesoplasma_florum,glycerol-plate_21,C6,61.0,Mesoplasma_florum_1
622,BBF10K_001899,Mesoplasma_florum,glycerol-plate_21,A6,62.0,Mesoplasma_florum_1
623,BBF10K_001288,Mesoplasma_florum,glycerol-plate_21,H1,63.0,Mesoplasma_florum_1
624,BBF10K_001313,Mesoplasma_florum,glycerol-plate_21,C2,64.0,Mesoplasma_florum_1
625,BBF10K_001459,Mesoplasma_florum,glycerol-plate_21,G3,65.0,Mesoplasma_florum_1
626,BBF10K_002089,Mycoplasma_genitalium,glycerol-plate_21,C7,10.0,Mycoplasma_genitalium_1
627,BBF10K_002885,Mycoplasma_pneumonia,glycerol-plate_21,F11,57.0,Mycoplasma_pneumonia_1
628,BBF10K_001280,Mesoplasma_florum,glycerol-plate_21,G1,66.0,Mesoplasma_florum_1
629,BBF10K_002971,Mycoplasma_pneumonia,glycerol-plate_21,E1,58.0,Mycoplasma_pneumonia_1
630,BBF10K_003079,Mycoplasma_pneumonia,glycerol-plate_21,E12,59.0,Mycoplasma_pneumonia_1
631,BBF10K_002234,Mycoplasma_genitalium,glycerol-plate_21,B8,11.0,Mycoplasma_genitalium_1
632,BBF10K_001833,Mesoplasma_florum,glycerol-plate_21,A1,67.0,Mesoplasma_florum_1
633,BBF10K_001431,Mesoplasma_florum,glycerol-plate_21,D3,68.0,Mesoplasma_florum_1
634,BBF10K_001556,Mesoplasma_florum,glycerol-plate_21,D4,69.0,Mesoplasma_florum_1
635,BBF10K_001870,Mesoplasma_florum,glycerol-plate_21,G5,70.0,Mesoplasma_florum_1
636,BBF10K_002907,Mycoplasma_pneumonia,glycerol-plate_22,A12,60.0,Mycoplasma_pneumonia_1
637,BBF10K_002877,Mycoplasma_pneumonia,glycerol-plate_22,E11,61.0,Mycoplasma_pneumonia_1
638,BBF10K_001860,Mesoplasma_florum,glycerol-plate_22,E6,71.0,Mesoplasma_florum_1
639,BBF10K_002489,Mycoplasma_pneumonia,glycerol-plate_22,A10,62.0,Mycoplasma_pneumonia_1
640,BBF10K_001808,Mesoplasma_florum,glycerol-plate_22,D6,72.0,Mesoplasma_florum_1
641,BBF10K_001638,Mesoplasma_florum,glycerol-plate_22,A5,73.0,Mesoplasma_florum_1
642,BBF10K_002519,Mycoplasma_pneumonia,glycerol-plate_23,G12,63.0,Mycoplasma_pneumonia_1
643,BBF10K_001323,Mesoplasma_florum,glycerol-plate_23,G9,74.0,Mesoplasma_florum_1
644,BBF10K_001619,Mesoplasma_florum,glycerol-plate_23,B10,75.0,Mesoplasma_florum_1
645,BBF10K_001247,Mesoplasma_florum,glycerol-plate_23,F9,76.0,Mesoplasma_florum_1
646,BBF10K_000781,Bacillus_subtilis,glycerol-plate_23,B2,58.0,Bacillus_subtilis_0
647,BBF10K_001040,Escherichia_coli,glycerol-plate_23,A6,29.0,Escherichia_coli_0
648,BBF10K_000863,Bacillus_subtilis,glycerol-plate_23,G3,59.0,Bacillus_subtilis_0
649,BBF10K_002095,Mycoplasma_genitalium,glycerol-plate_23,G10,12.0,Mycoplasma_genitalium_1
650,BBF10K_002301,Mycoplasma_genitalium,glycerol-plate_23,H11,13.0,Mycoplasma_genitalium_1
651,BBF10K_001054,Escherichia_coli,glycerol-plate_23,C6,30.0,Escherichia_coli_0
652,BBF10K_001192,Escherichia_coli,glycerol-plate_23,G8,31.0,Escherichia_coli_0
653,BBF10K_001048,Escherichia_coli,glycerol-plate_23,B6,32.0,Escherichia_coli_0
654,BBF10K_001106,Escherichia_coli,glycerol-plate_23,C7,33.0,Escherichia_coli_0
655,BBF10K_000902,Bacillus_subtilis,glycerol-plate_23,D4,60.0,Bacillus_subtilis_0
656,BBF10K_002055,Mycoplasma_genitalium,glycerol-plate_23,F10,14.0,Mycoplasma_genitalium_1
657,BBF10K_002014,Mycoplasma_genitalium,glycerol-plate_23,D10,15.0,Mycoplasma_genitalium_1
658,BBF10K_002117,Mycoplasma_genitalium,glycerol-plate_23,H10,16.0,Mycoplasma_genitalium_1
659,BBF10K_002190,Mycoplasma_genitalium,glycerol-plate_23,B11,17.0,Mycoplasma_genitalium_1
660,BBF10K_002262,Mycoplasma_genitalium,glycerol-plate_23,D1,18.0,Mycoplasma_genitalium_1
661,BBF10K_002400,Mycoplasma_genitalium,glycerol-plate_23,D12,19.0,Mycoplasma_genitalium_1
662,BBF10K_002205,Mycoplasma_genitalium,glycerol-plate_23,C11,20.0,Mycoplasma_genitalium_1
663,BBF10K_002261,Mycoplasma_genitalium,glycerol-plate_23,E11,21.0,Mycoplasma_genitalium_1
664,BBF10K_002045,Mycoplasma_genitalium,glycerol-plate_23,E10,22.0,Mycoplasma_genitalium_1
665,BBF10K_000887,Bacillus_subtilis,glycerol-plate_23,B4,61.0,Bacillus_subtilis_0
666,BBF10K_002413,Mycoplasma_genitalium,glycerol-plate_23,F1,23.0,Mycoplasma_genitalium_1
667,BBF10K_000885,Bacillus_subtilis,glycerol-plate_23,A4,62.0,Bacillus_subtilis_0
668,BBF10K_000829,Bacillus_subtilis,glycerol-plate_23,B3,63.0,Bacillus_subtilis_0
669,BBF10K_000856,Bacillus_subtilis,glycerol-plate_23,F3,64.0,Bacillus_subtilis_0
670,BBF10K_000838,Bacillus_subtilis,glycerol-plate_23,D3,65.0,Bacillus_subtilis_0
671,BBF10K_001009,Bacillus_subtilis,glycerol-plate_23,F5,66.0,Bacillus_subtilis_0
672,BBF10K_000762,Bacillus_subtilis,glycerol-plate_23,H1,67.0,Bacillus_subtilis_0
673,BBF10K_000790,Bacillus_subtilis,glycerol-plate_23,D2,68.0,Bacillus_subtilis_0
674,BBF10K_001003,Bacillus_subtilis,glycerol-plate_23,D5,69.0,Bacillus_subtilis_0
675,BBF10K_000760,Bacillus_subtilis,glycerol-plate_23,G1,70.0,Bacillus_subtilis_0
676,BBF10K_000963,Bacillus_subtilis,glycerol-plate_23,A5,71.0,Bacillus_subtilis_0
677,BBF10K_000994,Bacillus_subtilis,glycerol-plate_23,C5,72.0,Bacillus_subtilis_0
678,BBF10K_000962,Bacillus_subtilis,glycerol-plate_23,H4,73.0,Bacillus_subtilis_0
679,BBF10K_000938,Bacillus_subtilis,glycerol-plate_23,G4,74.0,Bacillus_subtilis_0
680,BBF10K_002471,Mycoplasma_pneumonia,glycerol-plate_23,F12,64.0,Mycoplasma_pneumonia_1
681,BBF10K_000877,Bacillus_subtilis,glycerol-plate_23,H3,75.0,Bacillus_subtilis_0
682,BBF10K_000806,Bacillus_subtilis,glycerol-plate_23,F2,76.0,Bacillus_subtilis_0
683,BBF10K_000930,Bacillus_subtilis,glycerol-plate_23,F4,77.0,Bacillus_subtilis_0
684,BBF10K_001004,Bacillus_subtilis,glycerol-plate_23,E5,78.0,Bacillus_subtilis_0
685,BBF10K_001837,Mesoplasma_florum,glycerol-plate_24,G5,77.0,Mesoplasma_florum_1
686,BBF10K_001373,Mesoplasma_florum,glycerol-plate_24,D2,78.0,Mesoplasma_florum_1
687,BBF10K_001464,Mesoplasma_florum,glycerol-plate_24,F2,79.0,Mesoplasma_florum_1
688,BBF10K_001859,Mesoplasma_florum,glycerol-plate_24,H5,80.0,Mesoplasma_florum_1
689,BBF10K_001642,Mesoplasma_florum,glycerol-plate_24,G4,81.0,Mesoplasma_florum_1
690,BBF10K_001558,Mesoplasma_florum,glycerol-plate_24,E3,82.0,Mesoplasma_florum_1
691,BBF10K_001718,Mesoplasma_florum,glycerol-plate_24,C5,83.0,Mesoplasma_florum_1
692,BBF10K_001905,Mesoplasma_florum,glycerol-plate_24,C6,84.0,Mesoplasma_florum_1
693,BBF10K_001646,Mesoplasma_florum,glycerol-plate_24,H4,85.0,Mesoplasma_florum_1
694,BBF10K_001777,Mesoplasma_florum,glycerol-plate_24,E5,86.0,Mesoplasma_florum_1
695,BBF10K_002890,Mycoplasma_pneumonia,glycerol-plate_24,B11,65.0,Mycoplasma_pneumonia_1
696,BBF10K_001912,Mesoplasma_florum,glycerol-plate_24,D6,87.0,Mesoplasma_florum_1
697,BBF10K_001584,Mesoplasma_florum,glycerol-plate_24,F3,88.0,Mesoplasma_florum_1
698,BBF10K_002289,Mycoplasma_genitalium,glycerol-plate_24,G3,24.0,Mycoplasma_genitalium_1
699,BBF10K_001539,Mesoplasma_florum,glycerol-plate_24,C3,89.0,Mesoplasma_florum_1
700,BBF10K_001628,Mesoplasma_florum,glycerol-plate_24,F4,90.0,Mesoplasma_florum_1
701,BBF10K_001609,Mesoplasma_florum,glycerol-plate_24,C4,91.0,Mesoplasma_florum_1
702,BBF10K_003007,Mycoplasma_pneumonia,glycerol-plate_24,E12,66.0,Mycoplasma_pneumonia_1
703,BBF10K_002094,Mycoplasma_genitalium,glycerol-plate_24,F7,25.0,Mycoplasma_genitalium_1
704,BBF10K_002306,Mycoplasma_genitalium,glycerol-plate_24,H3,26.0,Mycoplasma_genitalium_1
705,BBF10K_002343,Mycoplasma_genitalium,glycerol-plate_24,D8,27.0,Mycoplasma_genitalium_1
706,BBF10K_002141,Mycoplasma_genitalium,glycerol-plate_24,A2,28.0,Mycoplasma_genitalium_1
707,BBF10K_001947,Mycoplasma_genitalium,glycerol-plate_24,F6,29.0,Mycoplasma_genitalium_1
708,BBF10K_002758,Mycoplasma_pneumonia,glycerol-plate_24,C11,67.0,Mycoplasma_pneumonia_1
709,BBF10K_002771,Mycoplasma_pneumonia,glycerol-plate_24,E11,68.0,Mycoplasma_pneumonia_1
710,BBF10K_002694,Mycoplasma_pneumonia,glycerol-plate_24,G10,69.0,Mycoplasma_pneumonia_1
711,BBF10K_002065,Mycoplasma_genitalium,glycerol-plate_24,C7,30.0,Mycoplasma_genitalium_1
712,BBF10K_002142,Mycoplasma_genitalium,glycerol-plate_24,B2,31.0,Mycoplasma_genitalium_1
713,BBF10K_002036,Mycoplasma_genitalium,glycerol-plate_24,B1,32.0,Mycoplasma_genitalium_1
714,BBF10K_002923,Mycoplasma_pneumonia,glycerol-plate_24,D12,70.0,Mycoplasma_pneumonia_1
715,BBF10K_003095,Mycoplasma_pneumonia,glycerol-plate_24,G12,71.0,Mycoplasma_pneumonia_1
716,BBF10K_002119,Mycoplasma_genitalium,glycerol-plate_24,G1,33.0,Mycoplasma_genitalium_1
717,BBF10K_002096,Mycoplasma_genitalium,glycerol-plate_24,G7,34.0,Mycoplasma_genitalium_1
718,BBF10K_002070,Mycoplasma_genitalium,glycerol-plate_24,D7,35.0,Mycoplasma_genitalium_1
719,BBF10K_002087,Mycoplasma_genitalium,glycerol-plate_24,E7,36.0,Mycoplasma_genitalium_1
720,BBF10K_002208,Mycoplasma_genitalium,glycerol-plate_24,G2,37.0,Mycoplasma_genitalium_1
721,BBF10K_002106,Mycoplasma_genitalium,glycerol-plate_24,F1,38.0,Mycoplasma_genitalium_1
722,BBF10K_002099,Mycoplasma_genitalium,glycerol-plate_24,H7,39.0,Mycoplasma_genitalium_1
723,BBF10K_002033,Mycoplasma_genitalium,glycerol-plate_24,A1,40.0,Mycoplasma_genitalium_1
724,BBF10K_002856,Mycoplasma_pneumonia,glycerol-plate_24,A11,72.0,Mycoplasma_pneumonia_1
725,BBF10K_002054,Mycoplasma_genitalium,glycerol-plate_24,C1,41.0,Mycoplasma_genitalium_1
726,BBF10K_002480,Mycoplasma_pneumonia,glycerol-plate_24,A6,73.0,Mycoplasma_pneumonia_1
727,BBF10K_002663,Mycoplasma_pneumonia,glycerol-plate_24,D10,74.0,Mycoplasma_pneumonia_1
728,BBF10K_002761,Mycoplasma_pneumonia,glycerol-plate_24,D11,75.0,Mycoplasma_pneumonia_1
729,BBF10K_002533,Mycoplasma_pneumonia,glycerol-plate_24,E9,76.0,Mycoplasma_pneumonia_1
730,BBF10K_002989,Mycoplasma_pneumonia,glycerol-plate_24,E4,77.0,Mycoplasma_pneumonia_1
731,BBF10K_002673,Mycoplasma_pneumonia,glycerol-plate_24,F10,78.0,Mycoplasma_pneumonia_1
732,BBF10K_002439,Mycoplasma_pneumonia,glycerol-plate_24,A5,79.0,Mycoplasma_pneumonia_1
733,BBF10K_002814,Mycoplasma_pneumonia,glycerol-plate_24,B10,80.0,Mycoplasma_pneumonia_1
734,BBF10K_002435,Mycoplasma_pneumonia,glycerol-plate_24,G8,81.0,Mycoplasma_pneumonia_1
735,BBF10K_001968,Mycoplasma_genitalium,glycerol-plate_24,G6,42.0,Mycoplasma_genitalium_1
736,BBF10K_002776,Mycoplasma_pneumonia,glycerol-plate_24,F11,82.0,Mycoplasma_pneumonia_1
737,BBF10K_002901,Mycoplasma_pneumonia,glycerol-plate_24,B12,83.0,Mycoplasma_pneumonia_1
738,BBF10K_003047,Mycoplasma_pneumonia,glycerol-plate_24,B9,84.0,Mycoplasma_pneumonia_1
739,BBF10K_002464,Mycoplasma_pneumonia,glycerol-plate_24,B5,85.0,Mycoplasma_pneumonia_1
740,BBF10K_002994,Mycoplasma_pneumonia,glycerol-plate_24,D5,86.0,Mycoplasma_pneumonia_1
741,BBF10K_002520,Mycoplasma_pneumonia,glycerol-plate_24,B7,87.0,Mycoplasma_pneumonia_1
742,BBF10K_002575,Mycoplasma_pneumonia,glycerol-plate_24,A8,88.0,Mycoplasma_pneumonia_1
743,BBF10K_002664,Mycoplasma_pneumonia,glycerol-plate_24,E10,89.0,Mycoplasma_pneumonia_1
744,BBF10K_002637,Mycoplasma_pneumonia,glycerol-plate_24,B8,90.0,Mycoplasma_pneumonia_1
745,BBF10K_002535,Mycoplasma_pneumonia,glycerol-plate_24,F9,91.0,Mycoplasma_pneumonia_1
746,BBF10K_002698,Mycoplasma_pneumonia,glycerol-plate_24,A9,92.0,Mycoplasma_pneumonia_1
747,BBF10K_000239,Mycoplasma_syn3,glycerol-plate_3,G9,22.0,Mycoplasma_syn3_1
748,BBF10K_000028,Mycoplasma_syn3,glycerol-plate_3,E11,23.0,Mycoplasma_syn3_1
749,BBF10K_000218,Mycoplasma_syn3,glycerol-plate_3,A11,24.0,Mycoplasma_syn3_1
750,BBF10K_000122,Mycoplasma_syn3,glycerol-plate_3,E1,25.0,Mycoplasma_syn3_1
751,BBF10K_000412,Mycoplasma_syn3,glycerol-plate_3,H3,26.0,Mycoplasma_syn3_1
752,BBF10K_000064,Mycoplasma_syn3,glycerol-plate_3,A3,27.0,Mycoplasma_syn3_1
753,BBF10K_000381,Mycoplasma_syn3,glycerol-plate_3,C3,28.0,Mycoplasma_syn3_1
754,BBF10K_000077,Mycoplasma_syn3,glycerol-plate_3,D4,29.0,Mycoplasma_syn3_1
755,BBF10K_000329,Mycoplasma_syn3,glycerol-plate_3,H8,30.0,Mycoplasma_syn3_1
756,BBF10K_000202,Mycoplasma_syn3,glycerol-plate_3,A10,31.0,Mycoplasma_syn3_1
757,BBF10K_000402,Mycoplasma_syn3,glycerol-plate_3,G4,32.0,Mycoplasma_syn3_1
758,BBF10K_000394,Mycoplasma_syn3,glycerol-plate_3,B2,33.0,Mycoplasma_syn3_1
759,BBF10K_000081,Mycoplasma_syn3,glycerol-plate_3,C6,34.0,Mycoplasma_syn3_1
760,BBF10K_000321,Mycoplasma_syn3,glycerol-plate_3,B7,35.0,Mycoplasma_syn3_1
761,BBF10K_000208,Mycoplasma_syn3,glycerol-plate_3,F12,36.0,Mycoplasma_syn3_1
762,BBF10K_000147,Mycoplasma_syn3,glycerol-plate_3,E8,37.0,Mycoplasma_syn3_1
763,BBF10K_000413,Mycoplasma_syn3,glycerol-plate_3,H3,38.0,Mycoplasma_syn3_1
764,BBF10K_000163,Mycoplasma_syn3,glycerol-plate_3,G7,39.0,Mycoplasma_syn3_1
765,BBF10K_000197,Mycoplasma_syn3,glycerol-plate_3,C12,40.0,Mycoplasma_syn3_1
766,BBF10K_000173,Mycoplasma_syn3,glycerol-plate_3,G12,41.0,Mycoplasma_syn3_1
767,BBF10K_000432,Mycoplasma_syn3,glycerol-plate_3,H12,42.0,Mycoplasma_syn3_1
768,BBF10K_000146,Mycoplasma_syn3,glycerol-plate_3,H7,43.0,Mycoplasma_syn3_1
769,BBF10K_000422,Mycoplasma_syn3,glycerol-plate_3,H11,44.0,Mycoplasma_syn3_1
770,BBF10K_000384,Mycoplasma_syn3,glycerol-plate_3,A8,45.0,Mycoplasma_syn3_1
771,BBF10K_000336,Mycoplasma_syn3,glycerol-plate_3,C8,46.0,Mycoplasma_syn3_1
772,BBF10K_000293,Mycoplasma_syn3,glycerol-plate_3,C11,47.0,Mycoplasma_syn3_1
773,BBF10K_000058,Mycoplasma_syn3,glycerol-plate_3,E2,48.0,Mycoplasma_syn3_1
774,BBF10K_000005,Mycoplasma_syn3,glycerol-plate_3,A5,49.0,Mycoplasma_syn3_1
775,BBF10K_000118,Mycoplasma_syn3,glycerol-plate_3,B1,50.0,Mycoplasma_syn3_1
776,BBF10K_000418,Mycoplasma_syn3,glycerol-plate_3,G6,51.0,Mycoplasma_syn3_1
777,BBF10K_000238,Mycoplasma_syn3,glycerol-plate_3,F9,52.0,Mycoplasma_syn3_1
778,BBF10K_000181,Mycoplasma_syn3,glycerol-plate_3,D3,53.0,Mycoplasma_syn3_1
779,BBF10K_000115,Mycoplasma_syn3,glycerol-plate_3,D2,54.0,Mycoplasma_syn3_1
780,BBF10K_000428,Mycoplasma_syn3,glycerol-plate_3,H5,55.0,Mycoplasma_syn3_1
781,BBF10K_000399,Mycoplasma_syn3,glycerol-plate_3,E9,56.0,Mycoplasma_syn3_1
782,BBF10K_000302,Mycoplasma_syn3,glycerol-plate_3,H6,57.0,Mycoplasma_syn3_1
783,BBF10K_000277,Mycoplasma_syn3,glycerol-plate_3,H1,58.0,Mycoplasma_syn3_1
784,BBF10K_000067,Mycoplasma_syn3,glycerol-plate_3,B4,59.0,Mycoplasma_syn3_1
785,BBF10K_000065,Mycoplasma_syn3,glycerol-plate_3,F11,60.0,Mycoplasma_syn3_1
786,BBF10K_000108,Mycoplasma_syn3,glycerol-plate_3,B8,61.0,Mycoplasma_syn3_1
787,BBF10K_000234,Mycoplasma_syn3,glycerol-plate_3,F4,62.0,Mycoplasma_syn3_1
788,BBF10K_000024,Mycoplasma_syn3,glycerol-plate_3,G2,63.0,Mycoplasma_syn3_1
789,BBF10K_000420,Mycoplasma_syn3,glycerol-plate_3,G11,64.0,Mycoplasma_syn3_1
790,BBF10K_000021,Mycoplasma_syn3,glycerol-plate_3,H10,65.0,Mycoplasma_syn3_1
791,BBF10K_000416,Mycoplasma_syn3,glycerol-plate_3,F3,66.0,Mycoplasma_syn3_1
792,BBF10K_000214,Mycoplasma_syn3,glycerol-plate_3,F10,67.0,Mycoplasma_syn3_1
793,BBF10K_000040,Mycoplasma_syn3,glycerol-plate_3,G3,68.0,Mycoplasma_syn3_1
794,BBF10K_000166,Mycoplasma_syn3,glycerol-plate_3,D12,69.0,Mycoplasma_syn3_1
795,BBF10K_000015,Mycoplasma_syn3,glycerol-plate_3,B10,70.0,Mycoplasma_syn3_1
796,BBF10K_000237,Mycoplasma_syn3,glycerol-plate_3,F2,71.0,Mycoplasma_syn3_1
797,BBF10K_000406,Mycoplasma_syn3,glycerol-plate_3,E6,72.0,Mycoplasma_syn3_1
798,BBF10K_000154,Mycoplasma_syn3,glycerol-plate_3,C10,73.0,Mycoplasma_syn3_1
799,BBF10K_000274,Mycoplasma_syn3,glycerol-plate_3,F8,74.0,Mycoplasma_syn3_1
800,BBF10K_000368,Mycoplasma_syn3,glycerol-plate_3,H2,75.0,Mycoplasma_syn3_1
801,BBF10K_000201,Mycoplasma_syn3,glycerol-plate_3,C5,76.0,Mycoplasma_syn3_1
802,BBF10K_000378,Mycoplasma_syn3,glycerol-plate_3,G8,77.0,Mycoplasma_syn3_1
803,BBF10K_000190,Mycoplasma_syn3,glycerol-plate_3,B9,78.0,Mycoplasma_syn3_1
804,BBF10K_000363,Mycoplasma_syn3,glycerol-plate_3,A7,79.0,Mycoplasma_syn3_1
805,BBF10K_000165,Mycoplasma_syn3,glycerol-plate_3,H4,80.0,Mycoplasma_syn3_1
806,BBF10K_000027,Mycoplasma_syn3,glycerol-plate_3,A1,81.0,Mycoplasma_syn3_1
807,BBF10K_000357,Mycoplasma_syn3,glycerol-plate_3,D7,82.0,Mycoplasma_syn3_1
808,BBF10K_000211,Mycoplasma_syn3,glycerol-plate_3,C2,83.0,Mycoplasma_syn3_1
809,BBF10K_000044,Mycoplasma_syn3,glycerol-plate_3,B3,84.0,Mycoplasma_syn3_1
810,BBF10K_000424,Mycoplasma_syn3,glycerol-plate_3,D6,85.0,Mycoplasma_syn3_1
811,BBF10K_000149,Mycoplasma_syn3,glycerol-plate_3,G1,86.0,Mycoplasma_syn3_1
812,BBF10K_000189,Mycoplasma_syn3,glycerol-plate_3,A9,87.0,Mycoplasma_syn3_1
813,BBF10K_000434,Mycoplasma_syn3,glycerol-plate_3,D11,88.0,Mycoplasma_syn3_1
814,BBF10K_000407,Mycoplasma_syn3,glycerol-plate_3,E6,89.0,Mycoplasma_syn3_1
815,BBF10K_000221,Mycoplasma_syn3,glycerol-plate_3,D10,90.0,Mycoplasma_syn3_1
816,BBF10K_000392,Mycoplasma_syn3,glycerol-plate_4,D8,91.0,Mycoplasma_syn3_1
817,BBF10K_000346,Mycoplasma_syn3,glycerol-plate_4,G5,92.0,Mycoplasma_syn3_1
818,BBF10K_000247,Mycoplasma_syn3,glycerol-plate_4,H8,93.0,Mycoplasma_syn3_1
819,BBF10K_000333,Mycoplasma_syn3,glycerol-plate_4,B4,94.0,Mycoplasma_syn3_1
820,BBF10K_000155,Mycoplasma_syn3,glycerol-plate_4,F2,95.0,Mycoplasma_syn3_1
821,BBF10K_000372,Mycoplasma_syn3,glycerol-plate_4,G8,0.0,Mycoplasma_syn3_2
822,BBF10K_000046,Mycoplasma_syn3,glycerol-plate_4,B3,1.0,Mycoplasma_syn3_2
823,BBF10K_000001,Mycoplasma_syn3,glycerol-plate_4,D6,2.0,Mycoplasma_syn3_2
824,BBF10K_000031,Mycoplasma_syn3,glycerol-plate_4,H2,3.0,Mycoplasma_syn3_2
825,BBF10K_000243,Mycoplasma_syn3,glycerol-plate_4,B6,4.0,Mycoplasma_syn3_2
826,BBF10K_000330,Mycoplasma_syn3,glycerol-plate_4,D9,5.0,Mycoplasma_syn3_2
827,BBF10K_000062,Mycoplasma_syn3,glycerol-plate_4,H6,6.0,Mycoplasma_syn3_2
828,BBF10K_000066,Mycoplasma_syn3,glycerol-plate_4,H3,7.0,Mycoplasma_syn3_2
829,BBF10K_000314,Mycoplasma_syn3,glycerol-plate_4,C10,8.0,Mycoplasma_syn3_2
830,BBF10K_000287,Mycoplasma_syn3,glycerol-plate_4,C5,9.0,Mycoplasma_syn3_2
831,BBF10K_000326,Mycoplasma_syn3,glycerol-plate_4,F10,10.0,Mycoplasma_syn3_2
832,BBF10K_000390,Mycoplasma_syn3,glycerol-plate_4,H9,11.0,Mycoplasma_syn3_2
833,BBF10K_000110,Mycoplasma_syn3,glycerol-plate_4,F4,12.0,Mycoplasma_syn3_2
834,BBF10K_000312,Mycoplasma_syn3,glycerol-plate_4,A8,13.0,Mycoplasma_syn3_2
835,BBF10K_000286,Mycoplasma_syn3,glycerol-plate_4,A7,14.0,Mycoplasma_syn3_2
836,BBF10K_000020,Mycoplasma_syn3,glycerol-plate_4,G6,15.0,Mycoplasma_syn3_2
837,BBF10K_000148,Mycoplasma_syn3,glycerol-plate_4,E4,16.0,Mycoplasma_syn3_2
838,BBF10K_000375,Mycoplasma_syn3,glycerol-plate_4,D10,17.0,Mycoplasma_syn3_2
839,BBF10K_000136,Mycoplasma_syn3,glycerol-plate_4,D12,18.0,Mycoplasma_syn3_2
840,BBF10K_000259,Mycoplasma_syn3,glycerol-plate_4,A1,19.0,Mycoplasma_syn3_2
841,BBF10K_000050,Mycoplasma_syn3,glycerol-plate_4,B7,20.0,Mycoplasma_syn3_2
842,BBF10K_000380,Mycoplasma_syn3,glycerol-plate_4,B12,21.0,Mycoplasma_syn3_2
843,BBF10K_000298,Mycoplasma_syn3,glycerol-plate_4,F3,22.0,Mycoplasma_syn3_2
844,BBF10K_000227,Mycoplasma_syn3,glycerol-plate_4,F8,23.0,Mycoplasma_syn3_2
845,BBF10K_000039,Mycoplasma_syn3,glycerol-plate_4,E5,24.0,Mycoplasma_syn3_2
846,BBF10K_000123,Mycoplasma_syn3,glycerol-plate_4,D2,25.0,Mycoplasma_syn3_2
847,BBF10K_000167,Mycoplasma_syn3,glycerol-plate_4,G4,26.0,Mycoplasma_syn3_2
848,BBF10K_000127,Mycoplasma_syn3,glycerol-plate_4,B8,27.0,Mycoplasma_syn3_2
849,BBF10K_000029,Mycoplasma_syn3,glycerol-plate_4,E6,28.0,Mycoplasma_syn3_2
850,BBF10K_000269,Mycoplasma_syn3,glycerol-plate_4,D7,29.0,Mycoplasma_syn3_2
851,BBF10K_000091,Mycoplasma_syn3,glycerol-plate_4,F1,30.0,Mycoplasma_syn3_2
852,BBF10K_000053,Mycoplasma_syn3,glycerol-plate_4,A5,31.0,Mycoplasma_syn3_2
853,BBF10K_000176,Mycoplasma_syn3,glycerol-plate_4,A10,32.0,Mycoplasma_syn3_2
854,BBF10K_000011,Mycoplasma_syn3,glycerol-plate_4,G2,33.0,Mycoplasma_syn3_2
855,BBF10K_000090,Mycoplasma_syn3,glycerol-plate_4,C2,34.0,Mycoplasma_syn3_2
856,BBF10K_000300,Mycoplasma_syn3,glycerol-plate_4,D5,35.0,Mycoplasma_syn3_2
857,BBF10K_000192,Mycoplasma_syn3,glycerol-plate_4,D11,36.0,Mycoplasma_syn3_2
858,BBF10K_000270,Mycoplasma_syn3,glycerol-plate_4,A2,37.0,Mycoplasma_syn3_2
859,BBF10K_000124,Mycoplasma_syn3,glycerol-plate_4,B11,38.0,Mycoplasma_syn3_2
860,BBF10K_000376,Mycoplasma_syn3,glycerol-plate_5,B4,39.0,Mycoplasma_syn3_2
861,BBF10K_000393,Mycoplasma_syn3,glycerol-plate_5,B1,40.0,Mycoplasma_syn3_2
862,BBF10K_000386,Mycoplasma_syn3,glycerol-plate_5,G1,41.0,Mycoplasma_syn3_2
863,BBF10K_000094,Mycoplasma_syn3,glycerol-plate_5,H4,42.0,Mycoplasma_syn3_2
864,BBF10K_000391,Mycoplasma_syn3,glycerol-plate_5,B5,43.0,Mycoplasma_syn3_2
865,BBF10K_000074,Mycoplasma_syn3,glycerol-plate_5,C4,44.0,Mycoplasma_syn3_2
866,BBF10K_000008,Mycoplasma_syn3,glycerol-plate_5,G3,45.0,Mycoplasma_syn3_2
867,BBF10K_000177,Mycoplasma_syn3,glycerol-plate_5,H5,46.0,Mycoplasma_syn3_2
868,BBF10K_000318,Mycoplasma_syn3,glycerol-plate_5,B3,47.0,Mycoplasma_syn3_2
869,BBF10K_000140,Mycoplasma_syn3,glycerol-plate_5,C5,48.0,Mycoplasma_syn3_2
870,BBF10K_000107,Mycoplasma_syn3,glycerol-plate_5,E3,49.0,Mycoplasma_syn3_2
871,BBF10K_000430,Mycoplasma_syn3,glycerol-plate_5,E2,50.0,Mycoplasma_syn3_2
872,BBF10K_000379,Mycoplasma_syn3,glycerol-plate_5,E1,51.0,Mycoplasma_syn3_2
873,BBF10K_000414,Mycoplasma_syn3,glycerol-plate_5,G2,52.0,Mycoplasma_syn3_2
874,BBF10K_000038,Mycoplasma_syn3,glycerol-plate_5,G12,53.0,Mycoplasma_syn3_2
875,BBF10K_000080,Mycoplasma_syn3,glycerol-plate_5,H12,54.0,Mycoplasma_syn3_2
876,BBF10K_000331,Mycoplasma_syn3,glycerol-plate_5,G5,55.0,Mycoplasma_syn3_2
877,BBF10K_000164,Mycoplasma_syn3,glycerol-plate_5,A1,56.0,Mycoplasma_syn3_2
878,BBF10K_000055,Mycoplasma_syn3,glycerol-plate_5,C6,57.0,Mycoplasma_syn3_2
879,BBF10K_000436,Mycoplasma_syn3,glycerol-plate_5,B2,58.0,Mycoplasma_syn3_2
880,BBF10K_000426,Mycoplasma_syn3,glycerol-plate_5,A3,59.0,Mycoplasma_syn3_2
881,BBF10K_000233,Mycoplasma_syn3,glycerol-plate_5,F5,60.0,Mycoplasma_syn3_2
882,BBF10K_000043,Mycoplasma_syn3,glycerol-plate_5,D6,61.0,Mycoplasma_syn3_2
883,BBF10K_000265,Mycoplasma_syn3,glycerol-plate_5,F2,62.0,Mycoplasma_syn3_2
884,BBF10K_000019,Mycoplasma_syn3,glycerol-plate_5,B6,63.0,Mycoplasma_syn3_2
885,BBF10K_000273,Mycoplasma_syn3,glycerol-plate_5,A4,64.0,Mycoplasma_syn3_2
886,BBF10K_000142,Mycoplasma_syn3,glycerol-plate_5,A6,65.0,Mycoplasma_syn3_2
887,BBF10K_000322,Mycoplasma_syn3,glycerol-plate_5,F3,66.0,Mycoplasma_syn3_2
888,BBF10K_000385,Mycoplasma_syn3,glycerol-plate_5,E5,67.0,Mycoplasma_syn3_2
889,BBF10K_000404,Mycoplasma_syn3,glycerol-plate_5,D5,68.0,Mycoplasma_syn3_2
890,BBF10K_000048,Mycoplasma_syn3,glycerol-plate_5,H3,69.0,Mycoplasma_syn3_2
891,BBF10K_000075,Mycoplasma_syn3,glycerol-plate_5,E6,70.0,Mycoplasma_syn3_2
892,BBF10K_000410,Mycoplasma_syn3,glycerol-plate_5,C2,71.0,Mycoplasma_syn3_2
893,BBF10K_000310,Mycoplasma_syn3,glycerol-plate_5,F12,72.0,Mycoplasma_syn3_2
894,BBF10K_000209,Mycoplasma_syn3,glycerol-plate_5,C3,73.0,Mycoplasma_syn3_2
895,BBF10K_000035,Mycoplasma_syn3,glycerol-plate_6,E1,74.0,Mycoplasma_syn3_2
896,BBF10K_000398,Mycoplasma_syn3,glycerol-plate_6,D6,75.0,Mycoplasma_syn3_2
897,BBF10K_000215,Mycoplasma_syn3,glycerol-plate_6,E6,76.0,Mycoplasma_syn3_2
898,BBF10K_000138,Mycoplasma_syn3,glycerol-plate_6,F1,77.0,Mycoplasma_syn3_2
899,BBF10K_000047,Mycoplasma_syn3,glycerol-plate_6,F3,78.0,Mycoplasma_syn3_2
900,BBF10K_000150,Mycoplasma_syn3,glycerol-plate_6,B3,79.0,Mycoplasma_syn3_2
901,BBF10K_000141,Mycoplasma_syn3,glycerol-plate_6,C2,80.0,Mycoplasma_syn3_2
902,BBF10K_000033,Mycoplasma_syn3,glycerol-plate_6,C5,81.0,Mycoplasma_syn3_2
903,BBF10K_000092,Mycoplasma_syn3,glycerol-plate_6,A1,82.0,Mycoplasma_syn3_2
904,BBF10K_000073,Mycoplasma_syn3,glycerol-plate_6,H6,83.0,Mycoplasma_syn3_2
905,BBF10K_000030,Mycoplasma_syn3,glycerol-plate_6,C1,84.0,Mycoplasma_syn3_2
906,BBF10K_000253,Mycoplasma_syn3,glycerol-plate_6,H5,85.0,Mycoplasma_syn3_2
907,BBF10K_000317,Mycoplasma_syn3,glycerol-plate_6,A3,86.0,Mycoplasma_syn3_2
908,BBF10K_000241,Mycoplasma_syn3,glycerol-plate_8,E2,87.0,Mycoplasma_syn3_2
909,BBF10K_000022,Mycoplasma_syn3,glycerol-plate_8,F3,88.0,Mycoplasma_syn3_2
910,BBF10K_000018,Mycoplasma_syn3,glycerol-plate_8,G2,89.0,Mycoplasma_syn3_2
